,LTCBTC,ETHBTC,PPCBTC,BTSBTC,XCPBTC,XMRBTC
2010-08-17,,,,,,
2010-08-18,,,,,,
2010-08-19,,,,,,
2010-08-20,,,,,,
2010-08-21,,,,,,
2010-08-22,,,,,,
2010-08-23,,,,,,
2010-08-24,,,,,,
2010-08-25,,,,,,
2010-08-26,,,,,,
2010-08-27,,,,,,
2010-08-28,,,,,,
2010-08-29,,,,,,
2010-08-30,,,,,,
2010-08-31,,,,,,
2010-09-01,,,,,,
2010-09-02,,,,,,
2010-09-03,,,,,,
2010-09-04,,,,,,
2010-09-05,,,,,,
2010-09-06,,,,,,
2010-09-07,,,,,,
2010-09-08,,,,,,
2010-09-09,,,,,,
2010-09-10,,,,,,
2010-09-11,,,,,,
2010-09-12,,,,,,
2010-09-13,,,,,,
2010-09-14,,,,,,
2010-09-15,,,,,,
2010-09-16,,,,,,
2010-09-17,,,,,,
2010-09-18,,,,,,
2010-09-19,,,,,,
2010-09-20,,,,,,
2010-09-21,,,,,,
2010-09-22,,,,,,
2010-09-23,,,,,,
2010-09-24,,,,,,
2010-09-25,,,,,,
2010-09-26,,,,,,
2010-09-27,,,,,,
2010-09-28,,,,,,
2010-09-29,,,,,,
2010-09-30,,,,,,
2010-10-01,,,,,,
2010-10-02,,,,,,
2010-10-03,,,,,,
2010-10-04,,,,,,
2010-10-05,,,,,,
2010-10-06,,,,,,
2010-10-07,,,,,,
2010-10-08,,,,,,
2010-10-09,,,,,,
2010-10-10,,,,,,
2010-10-11,,,,,,
2010-10-12,,,,,,
2010-10-13,,,,,,
2010-10-14,,,,,,
2010-10-15,,,,,,
2010-10-16,,,,,,
2010-10-17,,,,,,
2010-10-18,,,,,,
2010-10-19,,,,,,
2010-10-20,,,,,,
2010-10-21,,,,,,
2010-10-22,,,,,,
2010-10-23,,,,,,
2010-10-24,,,,,,
2010-10-25,,,,,,
2010-10-26,,,,,,
2010-10-27,,,,,,
2010-10-28,,,,,,
2010-10-29,,,,,,
2010-10-30,,,,,,
2010-10-31,,,,,,
2010-11-01,,,,,,
2010-11-02,,,,,,
2010-11-03,,,,,,
2010-11-04,,,,,,
2010-11-05,,,,,,
2010-11-06,,,,,,
2010-11-07,,,,,,
2010-11-08,,,,,,
2010-11-09,,,,,,
2010-11-10,,,,,,
2010-11-11,,,,,,
2010-11-12,,,,,,
2010-11-13,,,,,,
2010-11-14,,,,,,
2010-11-15,,,,,,
2010-11-16,,,,,,
2010-11-17,,,,,,
2010-11-18,,,,,,
2010-11-19,,,,,,
2010-11-20,,,,,,
2010-11-21,,,,,,
2010-11-22,,,,,,
2010-11-23,,,,,,
2010-11-24,,,,,,
2010-11-25,,,,,,
2010-11-26,,,,,,
2010-11-27,,,,,,
2010-11-28,,,,,,
2010-11-29,,,,,,
2010-11-30,,,,,,
2010-12-01,,,,,,
2010-12-02,,,,,,
2010-12-03,,,,,,
2010-12-04,,,,,,
2010-12-05,,,,,,
2010-12-06,,,,,,
2010-12-07,,,,,,
2010-12-08,,,,,,
2010-12-09,,,,,,
2010-12-10,,,,,,
2010-12-11,,,,,,
2010-12-12,,,,,,
2010-12-13,,,,,,
2010-12-14,,,,,,
2010-12-15,,,,,,
2010-12-16,,,,,,
2010-12-17,,,,,,
2010-12-18,,,,,,
2010-12-19,,,,,,
2010-12-20,,,,,,
2010-12-21,,,,,,
2010-12-22,,,,,,
2010-12-23,,,,,,
2010-12-24,,,,,,
2010-12-25,,,,,,
2010-12-26,,,,,,
2010-12-27,,,,,,
2010-12-28,,,,,,
2010-12-29,,,,,,
2010-12-30,,,,,,
2010-12-31,,,,,,
2011-01-01,,,,,,
2011-01-02,,,,,,
2011-01-03,,,,,,
2011-01-04,,,,,,
2011-01-05,,,,,,
2011-01-06,,,,,,
2011-01-07,,,,,,
2011-01-08,,,,,,
2011-01-09,,,,,,
2011-01-10,,,,,,
2011-01-11,,,,,,
2011-01-12,,,,,,
2011-01-13,,,,,,
2011-01-14,,,,,,
2011-01-15,,,,,,
2011-01-16,,,,,,
2011-01-17,,,,,,
2011-01-18,,,,,,
2011-01-19,,,,,,
2011-01-20,,,,,,
2011-01-21,,,,,,
2011-01-22,,,,,,
2011-01-23,,,,,,
2011-01-24,,,,,,
2011-01-25,,,,,,
2011-01-26,,,,,,
2011-01-27,,,,,,
2011-01-28,,,,,,
2011-01-29,,,,,,
2011-01-30,,,,,,
2011-01-31,,,,,,
2011-02-01,,,,,,
2011-02-02,,,,,,
2011-02-03,,,,,,
2011-02-04,,,,,,
2011-02-05,,,,,,
2011-02-06,,,,,,
2011-02-07,,,,,,
2011-02-08,,,,,,
2011-02-09,,,,,,
2011-02-10,,,,,,
2011-02-11,,,,,,
2011-02-12,,,,,,
2011-02-13,,,,,,
2011-02-14,,,,,,
2011-02-15,,,,,,
2011-02-16,,,,,,
2011-02-17,,,,,,
2011-02-18,,,,,,
2011-02-19,,,,,,
2011-02-20,,,,,,
2011-02-21,,,,,,
2011-02-22,,,,,,
2011-02-23,,,,,,
2011-02-24,,,,,,
2011-02-25,,,,,,
2011-02-26,,,,,,
2011-02-27,,,,,,
2011-02-28,,,,,,
2011-03-01,,,,,,
2011-03-02,,,,,,
2011-03-03,,,,,,
2011-03-04,,,,,,
2011-03-05,,,,,,
2011-03-06,,,,,,
2011-03-07,,,,,,
2011-03-08,,,,,,
2011-03-09,,,,,,
2011-03-10,,,,,,
2011-03-11,,,,,,
2011-03-12,,,,,,
2011-03-13,,,,,,
2011-03-14,,,,,,
2011-03-15,,,,,,
2011-03-16,,,,,,
2011-03-17,,,,,,
2011-03-18,,,,,,
2011-03-19,,,,,,
2011-03-20,,,,,,
2011-03-21,,,,,,
2011-03-22,,,,,,
2011-03-23,,,,,,
2011-03-24,,,,,,
2011-03-25,,,,,,
2011-03-26,,,,,,
2011-03-27,,,,,,
2011-03-28,,,,,,
2011-03-29,,,,,,
2011-03-30,,,,,,
2011-03-31,,,,,,
2011-04-01,,,,,,
2011-04-02,,,,,,
2011-04-03,,,,,,
2011-04-04,,,,,,
2011-04-05,,,,,,
2011-04-06,,,,,,
2011-04-07,,,,,,
2011-04-08,,,,,,
2011-04-09,,,,,,
2011-04-10,,,,,,
2011-04-11,,,,,,
2011-04-12,,,,,,
2011-04-13,,,,,,
2011-04-14,,,,,,
2011-04-15,,,,,,
2011-04-16,,,,,,
2011-04-17,,,,,,
2011-04-18,,,,,,
2011-04-19,,,,,,
2011-04-20,,,,,,
2011-04-21,,,,,,
2011-04-22,,,,,,
2011-04-23,,,,,,
2011-04-24,,,,,,
2011-04-25,,,,,,
2011-04-26,,,,,,
2011-04-27,,,,,,
2011-04-28,,,,,,
2011-04-29,,,,,,
2011-04-30,,,,,,
2011-05-01,,,,,,
2011-05-02,,,,,,
2011-05-03,,,,,,
2011-05-04,,,,,,
2011-05-05,,,,,,
2011-05-06,,,,,,
2011-05-07,,,,,,
2011-05-08,,,,,,
2011-05-09,,,,,,
2011-05-10,,,,,,
2011-05-11,,,,,,
2011-05-12,,,,,,
2011-05-13,,,,,,
2011-05-14,,,,,,
2011-05-15,,,,,,
2011-05-16,,,,,,
2011-05-17,,,,,,
2011-05-18,,,,,,
2011-05-19,,,,,,
2011-05-20,,,,,,
2011-05-21,,,,,,
2011-05-22,,,,,,
2011-05-23,,,,,,
2011-05-24,,,,,,
2011-05-25,,,,,,
2011-05-26,,,,,,
2011-05-27,,,,,,
2011-05-28,,,,,,
2011-05-29,,,,,,
2011-05-30,,,,,,
2011-05-31,,,,,,
2011-06-01,,,,,,
2011-06-02,,,,,,
2011-06-03,,,,,,
2011-06-04,,,,,,
2011-06-05,,,,,,
2011-06-06,,,,,,
2011-06-07,,,,,,
2011-06-08,,,,,,
2011-06-09,,,,,,
2011-06-10,,,,,,
2011-06-11,,,,,,
2011-06-12,,,,,,
2011-06-13,,,,,,
2011-06-14,,,,,,
2011-06-15,,,,,,
2011-06-16,,,,,,
2011-06-17,,,,,,
2011-06-18,,,,,,
2011-06-19,,,,,,
2011-06-20,,,,,,
2011-06-21,,,,,,
2011-06-22,,,,,,
2011-06-23,,,,,,
2011-06-24,,,,,,
2011-06-25,,,,,,
2011-06-26,,,,,,
2011-06-27,,,,,,
2011-06-28,,,,,,
2011-06-29,,,,,,
2011-06-30,,,,,,
2011-07-01,,,,,,
2011-07-02,,,,,,
2011-07-03,,,,,,
2011-07-04,,,,,,
2011-07-05,,,,,,
2011-07-06,,,,,,
2011-07-07,,,,,,
2011-07-08,,,,,,
2011-07-09,,,,,,
2011-07-10,,,,,,
2011-07-11,,,,,,
2011-07-12,,,,,,
2011-07-13,,,,,,
2011-07-14,,,,,,
2011-07-15,,,,,,
2011-07-16,,,,,,
2011-07-17,,,,,,
2011-07-18,,,,,,
2011-07-19,,,,,,
2011-07-20,,,,,,
2011-07-21,,,,,,
2011-07-22,,,,,,
2011-07-23,,,,,,
2011-07-24,,,,,,
2011-07-25,,,,,,
2011-07-26,,,,,,
2011-07-27,,,,,,
2011-07-28,,,,,,
2011-07-29,,,,,,
2011-07-30,,,,,,
2011-07-31,,,,,,
2011-08-01,,,,,,
2011-08-02,,,,,,
2011-08-03,,,,,,
2011-08-04,,,,,,
2011-08-05,,,,,,
2011-08-06,,,,,,
2011-08-07,,,,,,
2011-08-08,,,,,,
2011-08-09,,,,,,
2011-08-10,,,,,,
2011-08-11,,,,,,
2011-08-12,,,,,,
2011-08-13,,,,,,
2011-08-14,,,,,,
2011-08-15,,,,,,
2011-08-16,,,,,,
2011-08-17,,,,,,
2011-08-18,,,,,,
2011-08-19,,,,,,
2011-08-20,,,,,,
2011-08-21,,,,,,
2011-08-22,,,,,,
2011-08-23,,,,,,
2011-08-24,,,,,,
2011-08-25,,,,,,
2011-08-26,,,,,,
2011-08-27,,,,,,
2011-08-28,,,,,,
2011-08-29,,,,,,
2011-08-30,,,,,,
2011-08-31,,,,,,
2011-09-01,,,,,,
2011-09-02,,,,,,
2011-09-03,,,,,,
2011-09-04,,,,,,
2011-09-05,,,,,,
2011-09-06,,,,,,
2011-09-07,,,,,,
2011-09-08,,,,,,
2011-09-09,,,,,,
2011-09-10,,,,,,
2011-09-11,,,,,,
2011-09-12,,,,,,
2011-09-13,,,,,,
2011-09-14,,,,,,
2011-09-15,,,,,,
2011-09-16,,,,,,
2011-09-17,,,,,,
2011-09-18,,,,,,
2011-09-19,,,,,,
2011-09-20,,,,,,
2011-09-21,,,,,,
2011-09-22,,,,,,
2011-09-23,,,,,,
2011-09-24,,,,,,
2011-09-25,,,,,,
2011-09-26,,,,,,
2011-09-27,,,,,,
2011-09-28,,,,,,
2011-09-29,,,,,,
2011-09-30,,,,,,
2011-10-01,,,,,,
2011-10-02,,,,,,
2011-10-03,,,,,,
2011-10-04,,,,,,
2011-10-05,,,,,,
2011-10-06,,,,,,
2011-10-07,,,,,,
2011-10-08,,,,,,
2011-10-09,,,,,,
2011-10-10,,,,,,
2011-10-11,,,,,,
2011-10-12,,,,,,
2011-10-13,,,,,,
2011-10-14,,,,,,
2011-10-15,,,,,,
2011-10-16,,,,,,
2011-10-17,,,,,,
2011-10-18,,,,,,
2011-10-19,,,,,,
2011-10-20,,,,,,
2011-10-21,,,,,,
2011-10-22,,,,,,
2011-10-23,,,,,,
2011-10-24,,,,,,
2011-10-25,,,,,,
2011-10-26,,,,,,
2011-10-27,,,,,,
2011-10-28,,,,,,
2011-10-29,,,,,,
2011-10-30,,,,,,
2011-10-31,,,,,,
2011-11-01,,,,,,
2011-11-02,,,,,,
2011-11-03,,,,,,
2011-11-04,,,,,,
2011-11-05,,,,,,
2011-11-06,,,,,,
2011-11-07,,,,,,
2011-11-08,,,,,,
2011-11-09,,,,,,
2011-11-10,,,,,,
2011-11-11,,,,,,
2011-11-12,,,,,,
2011-11-13,,,,,,
2011-11-14,,,,,,
2011-11-15,,,,,,
2011-11-16,,,,,,
2011-11-17,,,,,,
2011-11-18,,,,,,
2011-11-19,,,,,,
2011-11-20,,,,,,
2011-11-21,,,,,,
2011-11-22,,,,,,
2011-11-23,,,,,,
2011-11-24,,,,,,
2011-11-25,,,,,,
2011-11-26,,,,,,
2011-11-27,,,,,,
2011-11-28,,,,,,
2011-11-29,,,,,,
2011-11-30,,,,,,
2011-12-01,,,,,,
2011-12-02,,,,,,
2011-12-03,,,,,,
2011-12-04,,,,,,
2011-12-05,,,,,,
2011-12-06,,,,,,
2011-12-07,,,,,,
2011-12-08,,,,,,
2011-12-09,,,,,,
2011-12-10,,,,,,
2011-12-11,,,,,,
2011-12-12,,,,,,
2011-12-13,,,,,,
2011-12-14,,,,,,
2011-12-15,,,,,,
2011-12-16,,,,,,
2011-12-17,,,,,,
2011-12-18,,,,,,
2011-12-19,,,,,,
2011-12-20,,,,,,
2011-12-21,,,,,,
2011-12-22,,,,,,
2011-12-23,,,,,,
2011-12-24,,,,,,
2011-12-25,,,,,,
2011-12-26,,,,,,
2011-12-27,,,,,,
2011-12-28,,,,,,
2011-12-29,,,,,,
2011-12-30,,,,,,
2011-12-31,,,,,,
2012-01-01,,,,,,
2012-01-02,,,,,,
2012-01-03,,,,,,
2012-01-04,,,,,,
2012-01-05,,,,,,
2012-01-06,,,,,,
2012-01-07,,,,,,
2012-01-08,,,,,,
2012-01-09,,,,,,
2012-01-10,,,,,,
2012-01-11,,,,,,
2012-01-12,,,,,,
2012-01-13,,,,,,
2012-01-14,,,,,,
2012-01-15,,,,,,
2012-01-16,,,,,,
2012-01-17,,,,,,
2012-01-18,,,,,,
2012-01-19,,,,,,
2012-01-20,,,,,,
2012-01-21,,,,,,
2012-01-22,,,,,,
2012-01-23,,,,,,
2012-01-24,,,,,,
2012-01-25,,,,,,
2012-01-26,,,,,,
2012-01-27,,,,,,
2012-01-28,,,,,,
2012-01-29,,,,,,
2012-01-30,,,,,,
2012-01-31,,,,,,
2012-02-01,,,,,,
2012-02-02,,,,,,
2012-02-03,,,,,,
2012-02-04,,,,,,
2012-02-05,,,,,,
2012-02-06,,,,,,
2012-02-07,,,,,,
2012-02-08,,,,,,
2012-02-09,,,,,,
2012-02-10,,,,,,
2012-02-11,,,,,,
2012-02-12,,,,,,
2012-02-13,,,,,,
2012-02-14,,,,,,
2012-02-15,,,,,,
2012-02-16,,,,,,
2012-02-17,,,,,,
2012-02-18,,,,,,
2012-02-19,,,,,,
2012-02-20,,,,,,
2012-02-21,,,,,,
2012-02-22,,,,,,
2012-02-23,,,,,,
2012-02-24,,,,,,
2012-02-25,,,,,,
2012-02-26,,,,,,
2012-02-27,,,,,,
2012-02-28,,,,,,
2012-02-29,,,,,,
2012-03-01,,,,,,
2012-03-02,,,,,,
2012-03-03,,,,,,
2012-03-04,,,,,,
2012-03-05,,,,,,
2012-03-06,,,,,,
2012-03-07,,,,,,
2012-03-08,,,,,,
2012-03-09,,,,,,
2012-03-10,,,,,,
2012-03-11,,,,,,
2012-03-12,,,,,,
2012-03-13,,,,,,
2012-03-14,,,,,,
2012-03-15,,,,,,
2012-03-16,,,,,,
2012-03-17,,,,,,
2012-03-18,,,,,,
2012-03-19,,,,,,
2012-03-20,,,,,,
2012-03-21,,,,,,
2012-03-22,,,,,,
2012-03-23,,,,,,
2012-03-24,,,,,,
2012-03-25,,,,,,
2012-03-26,,,,,,
2012-03-27,,,,,,
2012-03-28,,,,,,
2012-03-29,,,,,,
2012-03-30,,,,,,
2012-03-31,,,,,,
2012-04-01,,,,,,
2012-04-02,,,,,,
2012-04-03,,,,,,
2012-04-04,,,,,,
2012-04-05,,,,,,
2012-04-06,,,,,,
2012-04-07,,,,,,
2012-04-08,,,,,,
2012-04-09,,,,,,
2012-04-10,,,,,,
2012-04-11,,,,,,
2012-04-12,,,,,,
2012-04-13,,,,,,
2012-04-14,,,,,,
2012-04-15,,,,,,
2012-04-16,,,,,,
2012-04-17,,,,,,
2012-04-18,,,,,,
2012-04-19,,,,,,
2012-04-20,,,,,,
2012-04-21,,,,,,
2012-04-22,,,,,,
2012-04-23,,,,,,
2012-04-24,,,,,,
2012-04-25,,,,,,
2012-04-26,,,,,,
2012-04-27,,,,,,
2012-04-28,,,,,,
2012-04-29,,,,,,
2012-04-30,,,,,,
2012-05-01,,,,,,
2012-05-02,,,,,,
2012-05-03,,,,,,
2012-05-04,,,,,,
2012-05-05,,,,,,
2012-05-06,,,,,,
2012-05-07,,,,,,
2012-05-08,,,,,,
2012-05-09,,,,,,
2012-05-10,,,,,,
2012-05-11,,,,,,
2012-05-12,,,,,,
2012-05-13,,,,,,
2012-05-14,,,,,,
2012-05-15,,,,,,
2012-05-16,,,,,,
2012-05-17,,,,,,
2012-05-18,,,,,,
2012-05-19,,,,,,
2012-05-20,,,,,,
2012-05-21,,,,,,
2012-05-22,,,,,,
2012-05-23,,,,,,
2012-05-24,,,,,,
2012-05-25,,,,,,
2012-05-26,,,,,,
2012-05-27,,,,,,
2012-05-28,,,,,,
2012-05-29,,,,,,
2012-05-30,,,,,,
2012-05-31,,,,,,
2012-06-01,,,,,,
2012-06-02,,,,,,
2012-06-03,,,,,,
2012-06-04,,,,,,
2012-06-05,,,,,,
2012-06-06,,,,,,
2012-06-07,,,,,,
2012-06-08,,,,,,
2012-06-09,,,,,,
2012-06-10,,,,,,
2012-06-11,,,,,,
2012-06-12,,,,,,
2012-06-13,,,,,,
2012-06-14,,,,,,
2012-06-15,,,,,,
2012-06-16,,,,,,
2012-06-17,,,,,,
2012-06-18,,,,,,
2012-06-19,,,,,,
2012-06-20,,,,,,
2012-06-21,,,,,,
2012-06-22,,,,,,
2012-06-23,,,,,,
2012-06-24,,,,,,
2012-06-25,,,,,,
2012-06-26,,,,,,
2012-06-27,,,,,,
2012-06-28,,,,,,
2012-06-29,,,,,,
2012-06-30,,,,,,
2012-07-01,,,,,,
2012-07-02,,,,,,
2012-07-03,,,,,,
2012-07-04,,,,,,
2012-07-05,,,,,,
2012-07-06,,,,,,
2012-07-07,,,,,,
2012-07-08,,,,,,
2012-07-09,,,,,,
2012-07-10,,,,,,
2012-07-11,,,,,,
2012-07-12,,,,,,
2012-07-13,,,,,,
2012-07-14,,,,,,
2012-07-15,,,,,,
2012-07-16,,,,,,
2012-07-17,,,,,,
2012-07-18,,,,,,
2012-07-19,,,,,,
2012-07-20,,,,,,
2012-07-21,,,,,,
2012-07-22,,,,,,
2012-07-23,,,,,,
2012-07-24,,,,,,
2012-07-25,,,,,,
2012-07-26,,,,,,
2012-07-27,,,,,,
2012-07-28,,,,,,
2012-07-29,,,,,,
2012-07-30,,,,,,
2012-07-31,,,,,,
2012-08-01,,,,,,
2012-08-02,,,,,,
2012-08-03,,,,,,
2012-08-04,,,,,,
2012-08-05,,,,,,
2012-08-06,,,,,,
2012-08-07,,,,,,
2012-08-08,,,,,,
2012-08-09,,,,,,
2012-08-10,,,,,,
2012-08-11,,,,,,
2012-08-12,,,,,,
2012-08-13,,,,,,
2012-08-14,,,,,,
2012-08-15,,,,,,
2012-08-16,,,,,,
2012-08-17,,,,,,
2012-08-18,,,,,,
2012-08-19,,,,,,
2012-08-20,,,,,,
2012-08-21,,,,,,
2012-08-22,,,,,,
2012-08-23,,,,,,
2012-08-24,,,,,,
2012-08-25,,,,,,
2012-08-26,,,,,,
2012-08-27,,,,,,
2012-08-28,,,,,,
2012-08-29,,,,,,
2012-08-30,,,,,,
2012-08-31,,,,,,
2012-09-01,,,,,,
2012-09-02,,,,,,
2012-09-03,,,,,,
2012-09-04,,,,,,
2012-09-05,,,,,,
2012-09-06,,,,,,
2012-09-07,,,,,,
2012-09-08,,,,,,
2012-09-09,,,,,,
2012-09-10,,,,,,
2012-09-11,,,,,,
2012-09-12,,,,,,
2012-09-13,,,,,,
2012-09-14,,,,,,
2012-09-15,,,,,,
2012-09-16,,,,,,
2012-09-17,,,,,,
2012-09-18,,,,,,
2012-09-19,,,,,,
2012-09-20,,,,,,
2012-09-21,,,,,,
2012-09-22,,,,,,
2012-09-23,,,,,,
2012-09-24,,,,,,
2012-09-25,,,,,,
2012-09-26,,,,,,
2012-09-27,,,,,,
2012-09-28,,,,,,
2012-09-29,,,,,,
2012-09-30,,,,,,
2012-10-01,,,,,,
2012-10-02,,,,,,
2012-10-03,,,,,,
2012-10-04,,,,,,
2012-10-05,,,,,,
2012-10-06,,,,,,
2012-10-07,,,,,,
2012-10-08,,,,,,
2012-10-09,,,,,,
2012-10-10,,,,,,
2012-10-11,,,,,,
2012-10-12,,,,,,
2012-10-13,,,,,,
2012-10-14,,,,,,
2012-10-15,,,,,,
2012-10-16,,,,,,
2012-10-17,,,,,,
2012-10-18,,,,,,
2012-10-19,,,,,,
2012-10-20,,,,,,
2012-10-21,,,,,,
2012-10-22,,,,,,
2012-10-23,,,,,,
2012-10-24,,,,,,
2012-10-25,,,,,,
2012-10-26,,,,,,
2012-10-27,,,,,,
2012-10-28,,,,,,
2012-10-29,,,,,,
2012-10-30,,,,,,
2012-10-31,,,,,,
2012-11-01,,,,,,
2012-11-02,,,,,,
2012-11-03,,,,,,
2012-11-04,,,,,,
2012-11-05,,,,,,
2012-11-06,,,,,,
2012-11-07,,,,,,
2012-11-08,,,,,,
2012-11-09,,,,,,
2012-11-10,,,,,,
2012-11-11,,,,,,
2012-11-12,,,,,,
2012-11-13,,,,,,
2012-11-14,,,,,,
2012-11-15,,,,,,
2012-11-16,,,,,,
2012-11-17,,,,,,
2012-11-18,,,,,,
2012-11-19,,,,,,
2012-11-20,,,,,,
2012-11-21,,,,,,
2012-11-22,,,,,,
2012-11-23,,,,,,
2012-11-24,,,,,,
2012-11-25,,,,,,
2012-11-26,,,,,,
2012-11-27,,,,,,
2012-11-28,,,,,,
2012-11-29,,,,,,
2012-11-30,,,,,,
2012-12-01,,,,,,
2012-12-02,,,,,,
2012-12-03,,,,,,
2012-12-04,,,,,,
2012-12-05,,,,,,
2012-12-06,,,,,,
2012-12-07,,,,,,
2012-12-08,,,,,,
2012-12-09,,,,,,
2012-12-10,,,,,,
2012-12-11,,,,,,
2012-12-12,,,,,,
2012-12-13,,,,,,
2012-12-14,,,,,,
2012-12-15,,,,,,
2012-12-16,,,,,,
2012-12-17,,,,,,
2012-12-18,,,,,,
2012-12-19,,,,,,
2012-12-20,,,,,,
2012-12-21,,,,,,
2012-12-22,,,,,,
2012-12-23,,,,,,
2012-12-24,,,,,,
2012-12-25,,,,,,
2012-12-26,,,,,,
2012-12-27,,,,,,
2012-12-28,,,,,,
2012-12-29,,,,,,
2012-12-30,,,,,,
2012-12-31,,,,,,
2013-01-01,,,,,,
2013-01-02,,,,,,
2013-01-03,,,,,,
2013-01-04,,,,,,
2013-01-05,,,,,,
2013-01-06,,,,,,
2013-01-07,,,,,,
2013-01-08,,,,,,
2013-01-09,,,,,,
2013-01-10,,,,,,
2013-01-11,,,,,,
2013-01-12,,,,,,
2013-01-13,,,,,,
2013-01-14,,,,,,
2013-01-15,,,,,,
2013-01-16,,,,,,
2013-01-17,,,,,,
2013-01-18,,,,,,
2013-01-19,,,,,,
2013-01-20,,,,,,
2013-01-21,,,,,,
2013-01-22,,,,,,
2013-01-23,,,,,,
2013-01-24,,,,,,
2013-01-25,,,,,,
2013-01-26,,,,,,
2013-01-27,,,,,,
2013-01-28,,,,,,
2013-01-29,,,,,,
2013-01-30,,,,,,
2013-01-31,,,,,,
2013-02-01,,,,,,
2013-02-02,,,,,,
2013-02-03,,,,,,
2013-02-04,,,,,,
2013-02-05,,,,,,
2013-02-06,,,,,,
2013-02-07,,,,,,
2013-02-08,,,,,,
2013-02-09,,,,,,
2013-02-10,,,,,,
2013-02-11,,,,,,
2013-02-12,,,,,,
2013-02-13,,,,,,
2013-02-14,,,,,,
2013-02-15,,,,,,
2013-02-16,,,,,,
2013-02-17,,,,,,
2013-02-18,,,,,,
2013-02-19,,,,,,
2013-02-20,,,,,,
2013-02-21,,,,,,
2013-02-22,,,,,,
2013-02-23,,,,,,
2013-02-24,,,,,,
2013-02-25,,,,,,
2013-02-26,,,,,,
2013-02-27,,,,,,
2013-02-28,,,,,,
2013-03-01,,,,,,
2013-03-02,,,,,,
2013-03-03,,,,,,
2013-03-04,,,,,,
2013-03-05,,,,,,
2013-03-06,,,,,,
2013-03-07,,,,,,
2013-03-08,,,,,,
2013-03-09,,,,,,
2013-03-10,,,,,,
2013-03-11,,,,,,
2013-03-12,,,,,,
2013-03-13,,,,,,
2013-03-14,,,,,,
2013-03-15,,,,,,
2013-03-16,,,,,,
2013-03-17,,,,,,
2013-03-18,,,,,,
2013-03-19,,,,,,
2013-03-20,,,,,,
2013-03-21,,,,,,
2013-03-22,,,,,,
2013-03-23,,,,,,
2013-03-24,,,,,,
2013-03-25,,,,,,
2013-03-26,,,,,,
2013-03-27,,,,,,
2013-03-28,,,,,,
2013-03-29,,,,,,
2013-03-30,,,,,,
2013-03-31,,,,,,
2013-04-01,,,,,,
2013-04-02,,,,,,
2013-04-03,,,,,,
2013-04-04,,,,,,
2013-04-05,,,,,,
2013-04-06,,,,,,
2013-04-07,,,,,,
2013-04-08,,,,,,
2013-04-09,,,,,,
2013-04-10,,,,,,
2013-04-11,,,,,,
2013-04-12,,,,,,
2013-04-13,,,,,,
2013-04-14,,,,,,
2013-04-15,,,,,,
2013-04-16,,,,,,
2013-04-17,,,,,,
2013-04-18,,,,,,
2013-04-19,,,,,,
2013-04-20,,,,,,
2013-04-21,,,,,,
2013-04-22,,,,,,
2013-04-23,,,,,,
2013-04-24,,,,,,
2013-04-25,,,,,,
2013-04-26,,,,,,
2013-04-27,,,,,,
2013-04-28,,,,,,
2013-04-29,,,,,,
2013-04-30,,,,,,
2013-05-01,,,,,,
2013-05-02,,,,,,
2013-05-03,,,,,,
2013-05-04,,,,,,
2013-05-05,,,,,,
2013-05-06,,,,,,
2013-05-07,,,,,,
2013-05-08,,,,,,
2013-05-09,,,,,,
2013-05-10,,,,,,
2013-05-11,,,,,,
2013-05-12,,,,,,
2013-05-13,,,,,,
2013-05-14,,,,,,
2013-05-15,,,,,,
2013-05-16,,,,,,
2013-05-17,,,,,,
2013-05-18,,,,,,
2013-05-19,,,,,,
2013-05-20,,,,,,
2013-05-21,,,,,,
2013-05-22,,,,,,
2013-05-23,,,,,,
2013-05-24,,,,,,
2013-05-25,,,,,,
2013-05-26,,,,,,
2013-05-27,,,,,,
2013-05-28,,,,,,
2013-05-29,,,,,,
2013-05-30,,,,,,
2013-05-31,,,,,,
2013-06-01,,,,,,
2013-06-02,,,,,,
2013-06-03,,,,,,
2013-06-04,,,,,,
2013-06-05,,,,,,
2013-06-06,,,,,,
2013-06-07,,,,,,
2013-06-08,,,,,,
2013-06-09,,,,,,
2013-06-10,,,,,,
2013-06-11,,,,,,
2013-06-12,,,,,,
2013-06-13,,,,,,
2013-06-14,,,,,,
2013-06-15,,,,,,
2013-06-16,,,,,,
2013-06-17,,,,,,
2013-06-18,,,,,,
2013-06-19,,,,,,
2013-06-20,,,,,,
2013-06-21,,,,,,
2013-06-22,,,,,,
2013-06-23,,,,,,
2013-06-24,,,,,,
2013-06-25,,,,,,
2013-06-26,,,,,,
2013-06-27,,,,,,
2013-06-28,,,,,,
2013-06-29,,,,,,
2013-06-30,,,,,,
2013-07-01,,,,,,
2013-07-02,,,,,,
2013-07-03,,,,,,
2013-07-04,,,,,,
2013-07-05,,,,,,
2013-07-06,,,,,,
2013-07-07,,,,,,
2013-07-08,,,,,,
2013-07-09,,,,,,
2013-07-10,,,,,,
2013-07-11,,,,,,
2013-07-12,,,,,,
2013-07-13,,,,,,
2013-07-14,,,,,,
2013-07-15,,,,,,
2013-07-16,,,,,,
2013-07-17,,,,,,
2013-07-18,,,,,,
2013-07-19,,,,,,
2013-07-20,,,,,,
2013-07-21,,,,,,
2013-07-22,,,,,,
2013-07-23,,,,,,
2013-07-24,,,,,,
2013-07-25,,,,,,
2013-07-26,,,,,,
2013-07-27,,,,,,
2013-07-28,,,,,,
2013-07-29,,,,,,
2013-07-30,,,,,,
2013-07-31,,,,,,
2013-08-01,,,,,,
2013-08-02,,,,,,
2013-08-03,,,,,,
2013-08-04,,,,,,
2013-08-05,,,,,,
2013-08-06,,,,,,
2013-08-07,,,,,,
2013-08-08,,,,,,
2013-08-09,,,,,,
2013-08-10,,,,,,
2013-08-11,,,,,,
2013-08-12,,,,,,
2013-08-13,,,,,,
2013-08-14,,,,,,
2013-08-15,,,,,,
2013-08-16,,,,,,
2013-08-17,,,,,,
2013-08-18,,,,,,
2013-08-19,,,,,,
2013-08-20,,,,,,
2013-08-21,,,,,,
2013-08-22,,,,,,
2013-08-23,,,,,,
2013-08-24,,,,,,
2013-08-25,,,,,,
2013-08-26,,,,,,
2013-08-27,,,,,,
2013-08-28,,,,,,
2013-08-29,,,,,,
2013-08-30,,,,,,
2013-08-31,,,,,,
2013-09-01,,,,,,
2013-09-02,,,,,,
2013-09-03,,,,,,
2013-09-04,,,,,,
2013-09-05,,,,,,
2013-09-06,,,,,,
2013-09-07,,,,,,
2013-09-08,,,,,,
2013-09-09,,,,,,
2013-09-10,,,,,,
2013-09-11,,,,,,
2013-09-12,,,,,,
2013-09-13,,,,,,
2013-09-14,,,,,,
2013-09-15,,,,,,
2013-09-16,,,,,,
2013-09-17,,,,,,
2013-09-18,,,,,,
2013-09-19,,,,,,
2013-09-20,,,,,,
2013-09-21,,,,,,
2013-09-22,,,,,,
2013-09-23,,,,,,
2013-09-24,,,,,,
2013-09-25,,,,,,
2013-09-26,,,,,,
2013-09-27,,,,,,
2013-09-28,,,,,,
2013-09-29,,,,,,
2013-09-30,,,,,,
2013-10-01,,,,,,
2013-10-02,,,,,,
2013-10-03,,,,,,
2013-10-04,,,,,,
2013-10-05,,,,,,
2013-10-06,,,,,,
2013-10-07,,,,,,
2013-10-08,,,,,,
2013-10-09,,,,,,
2013-10-10,,,,,,
2013-10-11,,,,,,
2013-10-12,,,,,,
2013-10-13,,,,,,
2013-10-14,,,,,,
2013-10-15,,,,,,
2013-10-16,,,,,,
2013-10-17,,,,,,
2013-10-18,,,,,,
2013-10-19,,,,,,
2013-10-20,,,,,,
2013-10-21,,,,,,
2013-10-22,,,,,,
2013-10-23,,,,,,
2013-10-24,,,,,,
2013-10-25,,,,,,
2013-10-26,,,,,,
2013-10-27,,,,,,
2013-10-28,,,,,,
2013-10-29,,,,,,
2013-10-30,,,,,,
2013-10-31,,,,,,
2013-11-01,,,,,,
2013-11-02,,,,,,
2013-11-03,,,,,,
2013-11-04,,,,,,
2013-11-05,,,,,,
2013-11-06,,,,,,
2013-11-07,,,,,,
2013-11-08,,,,,,
2013-11-09,,,,,,
2013-11-10,,,,,,
2013-11-11,,,,,,
2013-11-12,,,,,,
2013-11-13,,,,,,
2013-11-14,,,,,,
2013-11-15,,,,,,
2013-11-16,,,,,,
2013-11-17,,,,,,
2013-11-18,,,,,,
2013-11-19,,,,,,
2013-11-20,,,,,,
2013-11-21,,,,,,
2013-11-22,,,,,,
2013-11-23,,,,,,
2013-11-24,,,,,,
2013-11-25,,,,,,
2013-11-26,,,,,,
2013-11-27,,,,,,
2013-11-28,,,,,,
2013-11-29,,,,,,
2013-11-30,,,,,,
2013-12-01,,,,,,
2013-12-02,,,,,,
2013-12-03,,,,,,
2013-12-04,,,,,,
2013-12-05,,,,,,
2013-12-06,,,,,,
2013-12-07,,,,,,
2013-12-08,,,,,,
2013-12-09,,,,,,
2013-12-10,,,,,,
2013-12-11,,,,,,
2013-12-12,,,,,,
2013-12-13,,,,,,
2013-12-14,,,,,,
2013-12-15,,,,,,
2013-12-16,,,,,,
2013-12-17,,,,,,
2013-12-18,,,,,,
2013-12-19,,,,,,
2013-12-20,,,,,,
2013-12-21,,,,,,
2013-12-22,,,,,,
2013-12-23,,,,,,
2013-12-24,,,,,,
2013-12-25,,,,,,
2013-12-26,,,,,,
2013-12-27,,,,,,
2013-12-28,,,,,,
2013-12-29,,,,,,
2013-12-30,,,,,,
2013-12-31,,,,,,
2014-01-01,,,,,,
2014-01-02,,,,,,
2014-01-03,,,,,,
2014-01-04,,,,,,
2014-01-05,,,,,,
2014-01-06,,,,,,
2014-01-07,,,,,,
2014-01-08,,,,,,
2014-01-09,,,,,,
2014-01-10,,,,,,
2014-01-11,,,,,,
2014-01-12,,,,,,
2014-01-13,,,,,,
2014-01-14,,,,,,
2014-01-15,,,,,,
2014-01-16,,,,,,
2014-01-17,,,,,,
2014-01-18,,,,,,
2014-01-19,,,,,,
2014-01-20,,,,,,
2014-01-21,,,,,,
2014-01-22,,,,,,
2014-01-23,,,,,,
2014-01-24,,,,,,
2014-01-25,,,,,,
2014-01-26,,,,,,
2014-01-27,,,,,,
2014-01-28,,,,,,
2014-01-29,,,,,,
2014-01-30,,,,,,
2014-01-31,,,,,,
2014-02-01,,,,,,
2014-02-02,,,,,,
2014-02-03,,,,,,
2014-02-04,,,,,,
2014-02-05,,,,,,
2014-02-06,,,,,,
2014-02-07,,,,,,
2014-02-08,,,,,,
2014-02-09,,,,,,
2014-02-10,,,,,,
2014-02-11,,,,,,
2014-02-12,,,,,,
2014-02-13,,,,,,
2014-02-14,,,,,,
2014-02-15,,,,,,
2014-02-16,,,,,,
2014-02-17,,,,,,
2014-02-18,,,,,,
2014-02-19,,,,,,
2014-02-20,,,,,,
2014-02-21,,,,,,
2014-02-22,,,,,,
2014-02-23,,,,,,
2014-02-24,,,,,,
2014-02-25,,,,,,
2014-02-26,,,,,,
2014-02-27,,,,,,
2014-02-28,,,,,,
2014-03-01,,,,,,
2014-03-02,,,,,,
2014-03-03,,,,,,
2014-03-04,,,,,,
2014-03-05,,,,,,
2014-03-06,,,,,,
2014-03-07,,,,,,
2014-03-08,,,,,,
2014-03-09,,,,,,
2014-03-10,,,,,,
2014-03-11,,,,,,
2014-03-12,,,,,,
2014-03-13,,,,,,
2014-03-14,,,,,,
2014-03-15,,,,,,
2014-03-16,,,,,,
2014-03-17,,,,,,
2014-03-18,,,,,,
2014-03-19,,,,,,
2014-03-20,,,,,,
2014-03-21,,,,,,
2014-03-22,,,,,,
2014-03-23,,,,,,
2014-03-24,,,,,,
2014-03-25,,,,,,
2014-03-26,,,,,,
2014-03-27,,,,,,
2014-03-28,,,,,,
2014-03-29,,,,,,
2014-03-30,,,,,,
2014-03-31,,,,,,
2014-04-01,,,,,,
2014-04-02,,,,,,
2014-04-03,,,,,,
2014-04-04,,,,,,
2014-04-05,,,,,,
2014-04-06,,,,,,
2014-04-07,,,,,,
2014-04-08,,,,,,
2014-04-09,,,,,,
2014-04-10,,,,,,
2014-04-11,,,,,,
2014-04-12,,,,,,
2014-04-13,,,,,,
2014-04-14,0.02489,,0.00418,,0.0035,
2014-04-15,0.02517,,0.00489,,0.00322,
2014-04-16,0.02538,,0.00554,,0.00348,
2014-04-17,0.02548,,0.00535,,0.00365,
2014-04-18,0.02536,,0.00525,,0.00377,
2014-04-19,0.02545,,0.00532,,0.00383,
2014-04-20,0.02567,,0.00525,,0.00357,
2014-04-21,0.02525,,0.00532,,0.00339,
2014-04-22,0.02515,,0.00534,,0.00306,
2014-04-23,0.02494,,0.0052,,0.00296,
2014-04-24,0.02534,,0.00504,,0.00312,
2014-04-25,0.02419,,0.00485,,0.00346,
2014-04-26,0.02357,,0.00478,,0.00327,
2014-04-27,0.0234,,0.00479,,0.00361,
2014-04-28,0.02338,,0.00479,,0.00353,
2014-04-29,0.02341,,0.00471,,0.0034,
2014-04-30,0.0244,,0.00462,,0.00315,
2014-05-01,0.0247,,0.0049,,0.00321,
2014-05-02,0.0243,,0.00487,,0.00305,
2014-05-03,0.02393,,0.00463,,0.00271,
2014-05-04,0.02381,,0.00463,,0.00263,
2014-05-05,0.02391,,0.00483,,0.00274,
2014-05-06,0.02413,,0.00467,,0.00273,
2014-05-07,0.02431,,0.00475,,0.00286,
2014-05-08,0.02424,,0.00475,,0.00273,
2014-05-09,,,,,,
2014-05-10,0.02404,,0.00468,,0.0037,
2014-05-11,0.02397,,0.00473,,0.00418,
2014-05-12,0.02387,,0.0048,,0.00419,
2014-05-13,0.02379,,0.00486,,0.00453,
2014-05-14,0.02374,,0.00471,,0.00412,
2014-05-15,0.02363,,0.00474,,0.00391,
2014-05-16,0.02356,,0.00467,,0.00443,
2014-05-17,0.02324,,0.00469,,0.00456,
2014-05-18,0.02323,,0.00475,,0.00429,
2014-05-19,0.02328,,0.00458,,0.00381,
2014-05-20,0.0228,,0.00442,,0.00384,
2014-05-21,0.02189,,0.00442,,0.00386,
2014-05-22,0.02136,,0.00421,,0.0044,
2014-05-23,0.02146,,0.00448,,0.00608,
2014-05-24,0.02137,,0.00446,,0.00536,
2014-05-25,0.02033,,0.00433,,0.00536,
2014-05-26,0.02013,,0.00417,,0.00529,
2014-05-27,0.0198,,0.00413,,0.00438,
2014-05-28,0.01925,,0.00396,,0.00429,
2014-05-29,0.01916,,0.00385,,0.00392,
2014-05-30,0.01835,,0.00377,,0.00435,
2014-05-31,0.01788,,0.0035,,0.00386,
2014-06-01,0.01718,,0.00323,,0.00394,
2014-06-02,0.01788,,0.00319,,0.00383,
2014-06-03,0.01748,,0.00274,,0.00387,
2014-06-04,0.01739,,0.00269,,0.00375,
2014-06-05,0.01707,,0.00264,,0.00405,
2014-06-06,0.01722,,0.00255,,0.00401,
2014-06-07,0.01717,,0.00252,,0.0049,
2014-06-08,0.01716,,0.00291,,0.0047,
2014-06-09,0.01722,,0.00311,,0.00403,
2014-06-10,0.01711,,0.00284,,0.00448,
2014-06-11,0.01711,,0.00271,,0.00405,
2014-06-12,0.0171,,0.00286,,0.0042,
2014-06-13,0.01741,,0.00292,,0.00416,
2014-06-14,0.0172,,0.00309,,0.00389,
2014-06-15,0.01713,,0.00297,,0.00379,
2014-06-16,0.01681,,0.00293,,0.00425,
2014-06-17,0.01608,,0.00296,,0.00373,
2014-06-18,0.01582,,0.00288,,0.00364,
2014-06-19,0.01657,,0.00276,,0.00347,
2014-06-20,0.01669,,0.00278,,0.00334,
2014-06-21,0.01637,,0.00279,,0.00315,0.00899071
2014-06-22,0.01633,,0.00269,,0.00297,0.00783378
2014-06-23,0.01644,,0.0026,,0.00286,0.00729241
2014-06-24,0.01642,,0.00272,,0.00317,0.00612263
2014-06-25,0.01645,,0.00261,,0.00317,0.00532177
2014-06-26,0.01605,,0.00245,,0.00286,0.00526391
2014-06-27,0.01556,,0.00241,,0.00316,0.00434367
2014-06-28,0.01534,,0.00239,,0.00301,0.00392632
2014-06-29,0.01522,,0.00243,,0.00302,0.00416204
2014-06-30,0.01451,,0.00231,,0.0032,0.0041669
2014-07-01,0.01363,,0.00219,,0.00331,0.00371052
2014-07-02,0.01259,,0.00252,,0.00305,0.00373119
2014-07-03,0.01243,,0.00246,,0.00328,0.00391156
2014-07-04,0.01238,,0.00243,,0.00375,0.00410389
2014-07-05,0.01136,,0.00241,,0.0041,0.00400629
2014-07-06,0.01118,,0.00254,,0.00401,0.00376387
2014-07-07,0.01169,,0.00238,,0.00396,0.0032445
2014-07-08,0.0124,,0.00229,,0.00404,0.00326034
2014-07-09,0.01269,,0.00212,,0.00402,0.0033828
2014-07-10,0.01351,,0.00221,,0.00353,0.00320341
2014-07-11,0.0127,,0.00223,,0.00364,0.00272051
2014-07-12,0.01325,,0.00222,,0.00371,0.00292351
2014-07-13,0.01431,,0.00232,,0.00397,0.00257971
2014-07-14,0.01404,,0.00227,,0.00362,0.00274713
2014-07-15,0.01402,,0.00226,,0.00375,0.00306211
2014-07-16,0.01393,,0.00225,,0.00393,0.00379457
2014-07-17,0.0137,,0.00228,,0.00408,0.00499809
2014-07-18,0.01405,,0.00227,,0.00405,0.00440309
2014-07-19,0.014,,0.00229,,0.00399,0.00447046
2014-07-20,0.01379,,0.0023,,0.00401,0.00437825
2014-07-21,0.01371,,0.00217,,0.00397,0.00464235
2014-07-22,0.0138,,0.00218,,0.00392,0.00501007
2014-07-23,0.0138,,0.00205,,0.00381,0.00479987
2014-07-24,0.01368,,0.002,,0.00386,0.00446995
2014-07-25,0.01302,,0.00203,,0.00392,0.00414279
2014-07-26,0.01278,,0.00199,,0.00383,0.00433293
2014-07-27,0.01296,,0.00198,,0.00367,0.00420412
2014-07-28,0.01311,,0.00203,,0.00343,0.00419
2014-07-29,0.01302,,0.00202,,0.00311,0.00458579
2014-07-30,0.01294,,0.00199,,0.00404,0.0044635
2014-07-31,0.01281,,0.00191,,0.00421,0.00435139
2014-08-01,,,,,,
2014-08-02,0.01292,,0.00196,,0.00394,0.00428927
2014-08-03,,,,,,
2014-08-04,0.01276,,0.00191,,0.0039,0.00367897
2014-08-05,,,,,,
2014-08-06,0.01244,,0.00197,,0.00365,0.00351881
2014-08-07,0.01209,,0.00186,,0.00379,0.00357882
2014-08-08,0.01211,,0.0018,,0.00393,0.00356881
2014-08-09,0.0119,,0.00172,,0.00372,0.00347473
2014-08-10,0.01175,,0.00167,,0.00358,0.0033939
2014-08-11,0.01103,,0.00163,,0.00368,0.00331803
2014-08-12,0.0101,,0.00146,,0.00359,0.00356126
2014-08-13,0.00936,,0.00129,,0.0039,0.00331307
2014-08-14,0.00984,,0.00156,,0.0036,0.00335264
2014-08-15,0.01,,0.00167,,0.00328,0.00333984
2014-08-16,0.01011,,0.0,,0.00307,0.00331084
2014-08-17,0.00955,,0.00152,,0.00321,0.00294584
2014-08-18,0.00849,,0.00145,,0.00319,0.00296764
2014-08-19,0.00905,,0.00158,,0.00302,0.00303025
2014-08-20,0.01012,,0.00167,,0.00307,0.00345404
2014-08-21,0.01124,,0.0018,,0.00315,0.00345043
2014-08-22,0.01077,,0.00164,,0.00334,0.00343911
2014-08-23,0.00998,,0.00165,,0.00319,0.00345521
2014-08-24,0.01068,,0.0017,,0.00343,0.00356708
2014-08-25,0.01048,,0.00174,,0.00382,0.00385873
2014-08-26,0.01069,,0.00183,,0.00375,0.00387515
2014-08-27,0.01096,,0.00175,,0.00398,0.00379762
2014-08-28,0.01002,,0.0017,,0.00413,0.0042114
2014-08-29,0.01044,,0.00166,,0.00413,0.00438544
2014-08-30,0.01046,,0.00167,,0.00417,0.00480568
2014-08-31,0.01023,,0.00163,,0.00401,0.00480897
2014-09-01,0.01025,,0.00175,,0.0041,0.00420019
2014-09-02,0.01001,,0.00158,,0.00414,0.00395231
2014-09-03,0.00988,,0.00151,,0.00423,0.00396748
2014-09-04,0.0106,,0.00151,,0.00434,0.00418665
2014-09-05,0.01048,,0.00155,,0.00444,0.00411459
2014-09-06,0.01035,,0.00152,,0.00492,0.00389612
2014-09-07,0.0105,,0.00155,,0.00514,0.00373323
2014-09-08,0.01059,,0.00162,,0.00468,0.00386433
2014-09-09,,,,,,
2014-09-10,0.01071,,0.00151,,0.00467,0.00376348
2014-09-11,0.01124,,0.00157,,0.00457,0.00413143
2014-09-12,0.01133,,0.00157,,0.00486,0.00395638
2014-09-13,0.01139,,0.00157,,0.0048,0.00385638
2014-09-14,0.01138,,0.00167,,0.00485,0.00379673
2014-09-15,0.01115,,0.0017,,0.00505,0.00379001
2014-09-16,0.011,,0.00222,,0.00465,0.00397344
2014-09-17,0.01112,,0.00261,,0.00501,0.003804
2014-09-18,0.01123,,0.00391,,0.00482,0.00359932
2014-09-19,0.01112,,0.00354,,0.00491,0.00362967
2014-09-20,0.01083,,0.00365,,0.00497,0.00349308
2014-09-21,0.01059,,0.00401,,0.00515,0.00320456
2014-09-22,0.01053,,0.00371,,0.00491,0.00317677
2014-09-23,0.01083,,0.00316,,0.00517,0.00322205
2014-09-24,0.01102,,0.00282,,0.00501,0.003444
2014-09-25,0.01102,,0.00265,,0.00497,0.00343631
2014-09-26,0.01107,,0.00273,,0.0049,0.00328124
2014-09-27,0.01108,,0.00265,,0.00488,0.00331103
2014-09-28,,,,,,
2014-09-29,0.01096,,0.00263,,0.00487,0.00328294
2014-09-30,0.01145,,0.0026,,0.00485,0.00318445
2014-10-01,0.01154,,0.00256,,0.0049,0.00307562
2014-10-02,0.01156,,0.00247,,0.00496,0.00311635
2014-10-03,0.0115,,0.00231,,0.00494,0.00300941
2014-10-04,0.01169,,0.00241,,0.00518,0.00297575
2014-10-05,0.01165,,0.00249,,0.00548,0.00282165
2014-10-06,0.01152,,0.00259,,0.00616,0.00270202
2014-10-07,0.01142,,0.00305,,0.01043,0.00290002
2014-10-08,0.01199,,0.00306,,0.00828,0.00292878
2014-10-09,0.01098,,0.00304,,0.0086,0.00300424
2014-10-10,0.01064,,0.00296,,0.00934,0.00304122
2014-10-11,0.01041,,0.00285,,0.01023,0.003101
2014-10-12,0.01067,,0.0029,,0.01046,0.00289302
2014-10-13,0.01005,,0.00271,,0.00928,0.00282889
2014-10-14,0.01022,,0.00267,,0.00947,0.00271537
2014-10-15,0.0102,,0.00275,,0.00953,0.00258277
2014-10-16,0.01053,,0.00273,,0.00961,0.00242202
2014-10-17,,,,,,
2014-10-18,0.01048,,0.00267,,0.0106,0.00248293
2014-10-19,0.01031,,0.0025,,0.01118,0.00248001
2014-10-20,0.01032,,0.00231,,0.01049,0.00240247
2014-10-21,0.01032,,0.00262,,0.01087,0.0024373
2014-10-22,0.01021,,0.00245,,0.01056,0.0024223
2014-10-23,0.01026,,0.0024,,0.01001,0.00230226
2014-10-24,0.01046,,0.00232,,0.00988,0.00216808
2014-10-25,0.01059,,0.00248,,0.0103,0.00199051
2014-10-26,0.0105,,0.00248,,0.0102,0.00198491
2014-10-27,0.01074,,0.00241,,0.01011,0.0018605
2014-10-28,0.0108,,0.00241,,0.00914,0.00189341
2014-10-29,0.01102,,0.00245,,0.00857,0.00187635
2014-10-30,0.01109,,0.00241,,0.00862,0.00182626
2014-10-31,0.0111,,0.00239,,0.00923,0.00177504
2014-11-01,0.01101,,0.00238,,0.01033,0.0017674
2014-11-02,0.01125,,0.00232,,0.01125,0.00170895
2014-11-03,0.01098,,0.00228,,0.01252,0.00173347
2014-11-04,0.01101,,0.00239,,0.01308,0.00171765
2014-11-05,0.01079,,0.00231,,0.01226,0.0016526
2014-11-06,0.01073,,0.00226,,0.01314,0.00166087
2014-11-07,0.01051,,0.00225,,0.01262,0.00169835
2014-11-08,0.01038,,0.00221,,0.01384,0.00178347
2014-11-09,0.01041,,0.00221,,0.01428,0.00193406
2014-11-10,0.01003,,0.00219,,0.01489,0.00200859
2014-11-11,0.00998,,0.00215,,0.01552,0.0019604
2014-11-12,0.00975,,0.00207,,0.01987,0.00176346
2014-11-13,0.00947,,0.00205,4.697e-05,0.0212,0.00170665
2014-11-14,0.00994,,0.0021,4.703e-05,0.01996,0.00165602
2014-11-15,0.01024,,0.00208,4.643e-05,0.01882,0.00170122
2014-11-16,0.01019,,0.00208,4.649e-05,0.01984,0.00170236
2014-11-17,0.00993,,0.002,4.456e-05,0.02062,0.00151415
2014-11-18,0.01002,,0.00196,4.253e-05,0.01965,0.00145564
2014-11-19,0.00994,,0.00207,4.043e-05,0.01811,0.00150091
2014-11-20,0.01007,,0.0022,3.935e-05,0.01756,0.0014571
2014-11-21,,,,,,
2014-11-22,0.00992,,0.00204,4.529e-05,0.01917,0.00149796
2014-11-23,0.00986,,0.002,4.457e-05,0.01828,0.00145135
2014-11-24,0.00973,,0.00194,4.319e-05,0.01838,0.00143232
2014-11-25,0.00951,,0.00193,4.42e-05,0.01687,0.00150689
2014-11-26,0.00949,,0.00195,4.402e-05,0.01586,0.00150033
2014-11-27,0.00949,,0.00199,4.4e-05,0.01489,0.00148085
2014-11-28,0.00957,,0.00197,4.487e-05,0.01397,0.00148682
2014-11-29,0.00947,,0.00197,5.204e-05,0.01368,0.00148964
2014-11-30,0.00952,,0.00199,5.039e-05,0.01441,0.00148606
2014-12-01,0.0094,,0.00193,5.152e-05,0.01494,0.00138928
2014-12-02,0.00944,,0.00203,5.089e-05,0.01438,0.00135724
2014-12-03,0.0095,,0.00205,5.039e-05,0.01428,0.0013351
2014-12-04,0.00955,,0.00192,4.94e-05,0.01415,0.0013008
2014-12-05,0.00956,,0.00192,4.863e-05,0.01472,0.0011413
2014-12-06,0.00952,,0.00192,4.722e-05,0.01424,0.00115281
2014-12-07,0.00977,,0.00195,4.606e-05,0.01435,0.00120332
2014-12-08,0.00997,,0.00194,4.781e-05,0.01429,0.00127791
2014-12-09,0.01007,,0.00194,4.385e-05,0.01373,0.00117014
2014-12-10,0.01003,,0.00194,4.414e-05,0.01299,0.00107182
2014-12-11,0.00995,,0.00195,4.385e-05,0.01315,0.00111104
2014-12-12,0.00994,,0.0019,4.977e-05,0.01223,0.0010815
2014-12-13,0.01007,,0.00192,4.791e-05,0.01236,0.00103859
2014-12-14,0.00996,,0.00187,4.948e-05,0.01193,0.00107161
2014-12-15,0.00998,,0.00192,4.703e-05,0.01144,0.00111679
2014-12-16,0.00956,,0.00189,4.605e-05,0.00955,0.00108188
2014-12-17,0.00926,,0.00185,4.514e-05,0.011,0.00097144
2014-12-18,0.00892,,0.00177,4.646e-05,0.01177,0.00101876
2014-12-19,0.00892,,0.00173,4.756e-05,0.01196,0.00099081
2014-12-20,0.00898,,0.00176,4.77e-05,0.0117,0.00098911
2014-12-21,0.00889,,0.00177,4.872e-05,0.01122,0.00103539
2014-12-22,0.00873,,0.00167,5.112e-05,0.01174,0.00102819
2014-12-23,0.00861,,0.00168,5.226e-05,0.01284,0.00105152
2014-12-24,0.00847,,0.0018,5.251e-05,0.01297,0.00122405
2014-12-25,0.0085,,0.00177,5.177e-05,0.01311,0.0013264
2014-12-26,0.0086,,0.00181,5.289e-05,0.01313,0.001344
2014-12-27,0.00867,,0.00188,5.197e-05,0.01317,0.00141197
2014-12-28,0.00866,,0.00184,5.152e-05,0.01345,0.00172841
2014-12-29,0.0086,,0.00182,5.068e-05,0.01319,0.00167174
2014-12-30,0.00861,,0.00184,5.06e-05,0.01261,0.00154553
2014-12-31,0.00869,,0.00185,5.108e-05,0.01233,0.00143107
2015-01-01,0.00853,,0.00183,5.179e-05,0.01262,0.00137068
2015-01-02,0.00853,,0.00188,5.11e-05,0.01236,0.00142982
2015-01-03,0.00785,,0.00182,5.131e-05,0.0125,0.0015082
2015-01-04,0.00746,,0.00178,5.179e-05,0.01241,0.0015506
2015-01-05,0.00765,,0.00177,5.182e-05,0.0129,0.00150896
2015-01-06,0.00762,,0.00176,5.114e-05,0.01237,0.00156045
2015-01-07,,,,5.175e-05,,
2015-01-08,0.00724,,0.00175,5.072e-05,0.01181,0.00152497
2015-01-09,0.0071,,0.00158,5.006e-05,0.01082,0.00155221
2015-01-10,0.00634,,0.00157,5.061e-05,0.01058,0.00141171
2015-01-11,0.00658,,0.00156,4.96e-05,0.01161,0.00143934
2015-01-12,0.00653,,0.00149,4.828e-05,0.01172,0.00135492
2015-01-13,0.0066,,0.00148,4.755e-05,0.0115,0.00134578
2015-01-14,0.00695,,0.00156,4.976e-05,0.01127,0.00128931
2015-01-15,0.00642,,0.00155,5.459e-05,0.01065,0.00122818
2015-01-16,0.00653,,0.00159,,,0.00122667
2015-01-17,0.00657,,0.00156,5.055e-05,0.01021,0.00125555
2015-01-18,0.00644,,0.00151,5.138e-05,0.00982,0.00119843
2015-01-19,0.00637,,0.00148,5.189e-05,0.00996,0.00117573
2015-01-20,0.00636,,0.00145,5.241e-05,0.00933,0.0011315
2015-01-21,0.00627,,0.00149,5.471e-05,0.00929,0.00108942
2015-01-22,0.00638,,0.00144,5.258e-05,0.00864,0.00116155
2015-01-23,0.00621,,0.00146,5.083e-05,0.0086,0.00118008
2015-01-24,0.00699,,0.00149,4.895e-05,0.00883,0.00119785
2015-01-25,0.00863,,0.00173,4.84e-05,0.00889,0.00123998
2015-01-26,0.00808,,0.00169,4.385e-05,0.00844,0.00110099
2015-01-27,0.00791,,0.00159,4.297e-05,0.00835,0.00115324
2015-01-28,0.00796,,0.00158,4.304e-05,0.00826,0.00122998
2015-01-29,0.00819,,0.0017,4.344e-05,0.00941,0.0012874
2015-01-30,0.0083,,0.00158,4.479e-05,0.00893,0.00129022
2015-01-31,0.00845,,0.00143,4.5e-05,0.00919,0.00130682
2015-02-01,0.00835,,0.00157,4.699e-05,0.00885,0.00132182
2015-02-02,0.00798,,0.00147,4.641e-05,0.00849,0.0012901
2015-02-03,0.00792,,0.00149,4.31e-05,0.00792,0.00124779
2015-02-04,0.00798,,0.00169,4.463e-05,0.00764,0.00124406
2015-02-05,0.00798,,0.00145,4.53e-05,0.00561,0.00122264
2015-02-06,0.00807,,0.00146,4.62e-05,0.00528,0.00122566
2015-02-07,0.008,,0.00146,4.413e-05,0.00533,0.00119929
2015-02-08,0.00805,,0.00143,4.309e-05,0.00562,0.00117873
2015-02-09,0.00803,,0.00202,4.234e-05,0.00563,0.00113479
2015-02-10,0.00795,,0.00172,4.101e-05,0.0054,0.00111661
2015-02-11,0.00802,,0.00163,4.041e-05,0.00537,0.00109093
2015-02-12,0.00793,,0.00162,3.891e-05,0.00564,0.00104231
2015-02-13,0.00787,,0.0017,3.611e-05,0.00597,0.00108337
2015-02-14,0.00746,,0.00173,3.595e-05,0.00614,0.00100793
2015-02-15,,,,,,
2015-02-16,,,,,,
2015-02-17,,,,,,
2015-02-18,,,,,,
2015-02-19,,,,,,
2015-02-20,,,,,,
2015-02-21,,,,,,
2015-02-22,,,,,,
2015-02-23,,,,,,
2015-02-24,,,,,,
2015-02-25,,,,,,
2015-02-26,,,,,,
2015-02-27,,,,,,
2015-02-28,,,,,,
2015-03-01,,,,,,
2015-03-02,,,,,,
2015-03-03,,,,,,
2015-03-04,,,,,,
2015-03-05,,,,,,
2015-03-06,,,,,,
2015-03-07,,,,,,
2015-03-08,,,,,,
2015-03-09,,,,,,
2015-03-10,0.00756,,0.0016,3.46e-05,0.00595,0.00102686
2015-03-11,0.0072,,0.0016,3.117e-05,0.00541,0.00102686
2015-03-12,0.00704,,0.00142,3.239e-05,0.00486,0.00196859
2015-03-13,0.00694,,0.00142,2.998e-05,0.00469,0.00208518
2015-03-14,0.00703,,0.00143,3.02e-05,0.00441,0.00215705
2015-03-15,0.00707,,0.00144,2.954e-05,0.00446,0.00225671
2015-03-16,0.007,,0.00137,2.914e-05,0.0045,0.00257021
2015-03-17,0.00705,,0.00137,2.886e-05,0.0043,0.00261098
2015-03-18,0.00694,,0.00141,2.863e-05,0.00473,0.00252932
2015-03-19,0.007,,0.00142,3.088e-05,0.0049,0.0024807
2015-03-20,0.00682,,0.00137,3.064e-05,0.00493,0.00239662
2015-03-21,0.00672,,0.00134,2.968e-05,0.00527,0.00261444
2015-03-22,0.00672,,0.00137,2.853e-05,0.00505,0.00288609
2015-03-23,0.00669,,0.00136,2.699e-05,0.00465,0.00286562
2015-03-24,0.0068,,0.00135,2.524e-05,0.00489,0.00282188
2015-03-25,0.00687,,0.00132,2.474e-05,0.00467,0.00287757
2015-03-26,0.00692,,0.00136,2.577e-05,0.00472,0.00292866
2015-03-27,0.00677,,0.00135,2.628e-05,0.00476,0.00300783
2015-03-28,0.00677,,0.00132,2.598e-05,0.00458,0.00314176
2015-03-29,0.00683,,0.00135,2.744e-05,0.00454,0.00314208
2015-03-30,0.00681,,0.00134,2.648e-05,0.00436,0.00303552
2015-03-31,0.00678,,0.00131,2.514e-05,0.00431,0.00360463
2015-04-01,0.00677,,0.0013,2.514e-05,0.00438,0.00397381
2015-04-02,0.0067,,0.00127,2.397e-05,0.00432,0.00390839
2015-04-03,0.00661,,0.00129,2.333e-05,0.00468,0.00377602
2015-04-04,0.0066,,0.00129,2.361e-05,0.00453,0.00341662
2015-04-05,0.00661,,0.00127,2.253e-05,0.00452,0.00299832
2015-04-06,0.00654,,0.00127,2.179e-05,0.00452,0.00323995
2015-04-07,0.00658,,0.00123,2.206e-05,0.00454,0.00326082
2015-04-08,0.00667,,0.00122,2.274e-05,0.00456,0.00311179
2015-04-09,0.00656,,0.00121,2.269e-05,0.00465,0.00297882
2015-04-10,0.00654,,0.00111,2.108e-05,0.00445,0.00320558
2015-04-11,0.00645,,0.00108,1.958e-05,0.00465,0.00345162
2015-04-12,0.00625,,0.00106,1.913e-05,0.0045,0.00337509
2015-04-13,0.00633,,0.00105,1.977e-05,0.00444,0.00321785
2015-04-14,0.00617,,0.00104,2.036e-05,0.00454,0.00313292
2015-04-15,0.00619,,0.00098,2.061e-05,0.00445,0.00302454
2015-04-16,0.00618,,0.0011,2.079e-05,0.00452,0.00291202
2015-04-17,0.00618,,0.00103,2.077e-05,0.00441,0.00287989
2015-04-18,0.00633,,0.00109,2.113e-05,0.00441,0.00307162
2015-04-19,0.00629,,0.00105,2.157e-05,0.00428,0.00308308
2015-04-20,0.00623,,0.00102,2.087e-05,0.00419,0.00295072
2015-04-21,0.0064,,0.001,2.04e-05,0.00396,0.0027119
2015-04-22,0.00615,,0.00101,1.992e-05,0.00361,0.00256229
2015-04-23,0.0062,,0.00104,1.993e-05,0.00377,0.00246599
2015-04-24,0.00615,,0.00099,1.987e-05,0.00374,0.00250362
2015-04-25,0.00614,,0.00098,1.959e-05,0.00385,0.00241475
2015-04-26,0.00621,,0.001,1.948e-05,0.0039,0.0024646
2015-04-27,0.0061,,0.00097,1.874e-05,0.00406,0.00244823
2015-04-28,0.00604,,0.00099,1.823e-05,0.00406,0.00235363
2015-04-29,0.00604,,0.00096,1.64e-05,0.00406,0.00188572
2015-04-30,0.00607,,0.00098,1.498e-05,0.00406,0.00202793
2015-05-01,0.00605,,0.00096,1.467e-05,0.0041,0.00206806
2015-05-02,0.00605,,0.00098,1.509e-05,0.00399,0.00213057
2015-05-03,0.00602,,0.00098,1.532e-05,0.00394,0.00208627
2015-05-04,0.00594,,0.00095,1.46e-05,0.00392,0.00201148
2015-05-05,0.0059,,0.00094,1.406e-05,0.00408,0.00199037
2015-05-06,0.00599,,0.00093,1.38e-05,0.00409,0.00195645
2015-05-07,0.00606,,0.00093,1.413e-05,0.00406,0.00203111
2015-05-08,0.00608,,0.00094,1.397e-05,0.00398,0.00201644
2015-05-09,0.00603,,0.00091,1.455e-05,0.0041,0.00205721
2015-05-10,0.00599,,0.00092,1.46e-05,0.00403,0.0022034
2015-05-11,0.00602,,0.00093,1.459e-05,0.00409,0.00206648
2015-05-12,0.00594,,0.00101,1.603e-05,0.00401,0.00202974
2015-05-13,0.006,,0.00108,1.644e-05,0.00397,0.00202994
2015-05-14,0.00612,,0.00102,1.63e-05,0.00378,0.00202824
2015-05-15,0.00609,,0.00106,1.608e-05,0.00379,0.00216235
2015-05-16,0.00612,,0.00109,1.542e-05,0.00385,0.00242844
2015-05-17,0.00615,,0.00107,1.527e-05,0.00362,0.0025501
2015-05-18,0.00619,,0.00114,1.525e-05,0.00334,0.00235074
2015-05-19,0.00617,,0.00129,1.581e-05,0.00353,0.0022473
2015-05-20,0.00624,,0.00139,1.724e-05,0.00376,0.00229545
2015-05-21,0.00623,,0.00128,1.739e-05,0.00364,0.00210242
2015-05-22,0.00707,,0.00128,2.08e-05,0.00389,
2015-05-23,0.00761,,0.00132,2.441e-05,0.00366,0.00206531
2015-05-24,0.00752,,0.00138,2.459e-05,0.00413,0.00197505
2015-05-25,0.00758,,0.00137,2.583e-05,0.00395,0.00197237
2015-05-26,0.00756,,0.0014,2.669e-05,0.00348,0.00189649
2015-05-27,0.00778,,0.00141,2.751e-05,0.00389,0.00181291
2015-05-28,0.00774,,0.0014,3.06e-05,0.00408,0.00191388
2015-05-29,0.00766,,0.00138,3.375e-05,0.00397,0.00189383
2015-05-30,0.00764,,0.00137,3.111e-05,0.00432,0.00191642
2015-05-31,0.00743,,0.00132,2.904e-05,0.00404,0.00199828
2015-06-01,0.00718,,0.00125,2.737e-05,0.00394,0.00206298
2015-06-02,0.00716,,0.00127,2.724e-05,0.00416,0.00200187
2015-06-03,0.00738,,0.00126,2.82e-05,0.00406,0.00199687
2015-06-04,0.00737,,0.00126,2.775e-05,0.00334,0.00206855
2015-06-05,0.00749,,0.00126,2.92e-05,0.00375,0.00215363
2015-06-06,0.00779,,0.00131,3.021e-05,0.00375,0.00227771
2015-06-07,0.00775,,0.00131,3.075e-05,0.00366,0.00229675
2015-06-08,0.00785,,0.00129,3.214e-05,0.00383,0.00227932
2015-06-09,0.00785,,0.00132,3.217e-05,0.00395,0.00222208
2015-06-10,0.00776,,0.00131,3.058e-05,0.00429,0.00208327
2015-06-11,0.00772,,0.00129,3.044e-05,0.00439,0.0020633
2015-06-12,0.00778,,0.00125,3.025e-05,0.00445,0.00207858
2015-06-13,0.0079,,0.0013,2.971e-05,0.00563,0.00208584
2015-06-14,0.00845,,0.00136,2.992e-05,0.00619,0.00211661
2015-06-15,,,,,,
2015-06-16,0.01004,,0.00151,2.979e-05,0.00507,0.00203993
2015-06-17,0.01179,,0.00169,3.1e-05,0.0044,0.00202289
2015-06-18,0.01193,,0.00175,3.092e-05,0.00481,0.00197599
2015-06-19,0.01182,,0.0017,3.131e-05,0.00491,0.00209152
2015-06-20,0.0122,,0.00166,3.247e-05,0.00508,0.00217777
2015-06-21,0.01244,,0.00168,3.24e-05,0.00486,0.00219487
2015-06-22,0.01215,,0.00169,3.202e-05,0.00485,0.00213675
2015-06-23,0.01212,,0.0017,3.11e-05,0.00479,0.0020514
2015-06-24,0.01196,,0.00162,2.919e-05,0.00468,0.00204872
2015-06-25,0.0116,,0.00161,2.768e-05,0.00475,0.0021098
2015-06-26,0.01177,,0.00165,2.813e-05,0.00492,0.00202551
2015-06-27,0.01188,,0.00168,2.753e-05,0.0049,0.00192417
2015-06-28,0.01224,,0.00166,2.761e-05,0.00461,0.00190394
2015-06-29,0.01344,,0.00177,2.716e-05,0.0046,0.00187908
2015-06-30,0.01575,,0.00194,2.634e-05,0.00449,0.00185358
2015-07-01,0.01535,,0.00191,2.577e-05,0.00423,0.00184945
2015-07-02,0.01566,,0.00188,2.637e-05,0.0044,0.00187567
2015-07-03,0.01607,,0.00195,2.555e-05,0.00426,0.00190198
2015-07-04,0.01594,,0.00195,2.537e-05,0.00413,0.00190995
2015-07-05,0.01613,,0.00199,2.473e-05,0.0043,0.00184747
2015-07-06,0.01882,,0.00222,2.149e-05,0.00486,0.00185458
2015-07-07,0.0197,,0.00223,2.211e-05,0.00493,0.00182204
2015-07-08,0.0218,,0.00212,2.318e-05,0.00503,0.00187435
2015-07-09,0.02624,,0.00247,2.217e-05,0.00461,0.00184679
2015-07-10,0.02224,,0.00288,2.2e-05,0.0047,0.00182136
2015-07-11,0.0149,,0.0021,2.104e-05,0.00509,0.00180264
2015-07-12,0.01682,,0.00224,1.994e-05,0.00508,0.00192081
2015-07-13,0.01582,,0.00216,2.045e-05,0.00479,0.0019512
2015-07-14,0.01578,,0.00223,2.038e-05,0.00523,0.00185367
2015-07-15,0.01545,,0.00222,2.02e-05,0.00482,0.00191966
2015-07-16,0.01327,,0.00196,1.804e-05,0.00484,0.00190773
2015-07-17,0.01342,,0.00186,1.887e-05,0.00518,0.00192691
2015-07-18,0.01419,,0.00192,1.789e-05,0.00573,0.0018942
2015-07-19,0.01406,,0.0019,1.854e-05,0.00561,0.00189258
2015-07-20,0.01343,,0.0019,1.817e-05,0.00543,0.00190292
2015-07-21,0.01391,,0.00186,1.809e-05,0.00558,0.00206296
2015-07-22,0.01369,,0.00186,1.913e-05,0.00479,0.00206504
2015-07-23,0.01358,,0.0018,1.942e-05,0.00578,0.00204081
2015-07-24,0.01494,,0.0019,1.933e-05,0.00599,0.00202293
2015-07-25,0.01611,,0.00194,1.935e-05,0.00511,0.00199733
2015-07-26,0.01591,,0.00188,1.888e-05,0.00507,0.00195824
2015-07-27,0.01599,,0.00184,1.836e-05,0.00579,0.00202232
2015-07-28,0.01694,,0.00191,1.728e-05,0.00536,0.00199872
2015-07-29,0.01691,,0.00205,1.664e-05,0.006,0.00201621
2015-07-30,0.01634,,0.00187,1.653e-05,0.00606,0.00204229
2015-07-31,0.01615,,0.00182,1.658e-05,0.00597,0.00202417
2015-08-01,0.01558,,0.00181,1.681e-05,0.00616,0.00205236
2015-08-02,0.01454,,0.00177,1.659e-05,0.00631,0.00214534
2015-08-03,0.01502,,0.00183,1.637e-05,0.00664,0.00213457
2015-08-04,0.01523,,0.00182,1.619e-05,0.00749,0.00207015
2015-08-05,0.01541,,0.00181,1.566e-05,0.00843,0.00213502
2015-08-06,0.01468,,0.00178,1.564e-05,0.00698,0.00234652
2015-08-07,0.01483,,0.00177,1.562e-05,0.0066,0.00248494
2015-08-08,0.01494,,0.00177,1.598e-05,0.00679,0.00257023
2015-08-09,0.01486,,0.00177,1.618e-05,0.00621,0.00250424
2015-08-10,,,,,,
2015-08-11,0.01517,,0.0017,1.628e-05,0.00618,0.00241104
2015-08-12,0.01508,,0.00177,1.827e-05,0.00685,0.0023283
2015-08-13,0.01467,,0.00174,1.848e-05,0.00655,0.0022553
2015-08-14,0.01512,,0.0017,1.919e-05,0.00557,0.00219426
2015-08-15,0.01514,,0.0017,1.756e-05,0.00559,0.00230315
2015-08-16,0.01518,,0.00168,1.735e-05,0.00551,0.0024343
2015-08-17,0.01542,,0.00161,1.661e-05,0.00552,0.00236256
2015-08-18,0.01545,,0.00164,1.653e-05,0.00547,0.00227504
2015-08-19,0.01548,,0.00165,1.705e-05,0.00553,0.00226326
2015-08-20,0.01533,,0.00158,1.653e-05,0.00472,0.00249979
2015-08-21,0.01537,,0.00155,1.626e-05,0.00464,0.00252889
2015-08-22,0.01543,,0.00158,1.586e-05,0.00406,0.00238274
2015-08-23,0.01517,,0.00152,1.514e-05,0.00417,0.00230361
2015-08-24,0.01452,,0.00144,1.486e-05,0.00433,0.00226179
2015-08-25,0.01352,,0.00147,1.461e-05,0.00407,0.0020114
2015-08-26,0.01317,,0.00147,1.48e-05,0.00412,0.00224291
2015-08-27,0.01314,,0.00146,1.452e-05,0.00413,0.00212199
2015-08-28,0.01264,,0.00144,1.415e-05,0.00439,0.00200254
2015-08-29,0.01261,,0.00151,1.446e-05,0.00389,0.00200167
2015-08-30,0.01239,,0.00155,1.448e-05,0.0039,0.00200286
2015-08-31,0.01242,,0.00154,1.437e-05,0.00389,0.00200868
2015-09-01,0.01244,,0.00153,1.415e-05,0.00381,0.00198953
2015-09-02,0.01225,,0.00152,1.453e-05,0.00371,0.002047
2015-09-03,0.01195,,0.00149,1.412e-05,0.00366,0.00204856
2015-09-04,0.01178,,0.00151,1.399e-05,0.00382,0.00203395
2015-09-05,0.01198,,0.00151,1.595e-05,0.00368,0.00198518
2015-09-06,0.01258,,0.00157,2.057e-05,0.00354,0.00201273
2015-09-07,0.01272,,0.00159,1.952e-05,0.00404,0.00205314
2015-09-08,0.01258,,0.00167,1.853e-05,0.00402,0.00209895
2015-09-09,0.0124,,0.00168,1.808e-05,0.00383,0.00211087
2015-09-10,0.01226,,0.00164,1.814e-05,0.0038,0.00209068
2015-09-11,0.01226,,0.00167,1.768e-05,0.0038,0.002091
2015-09-12,0.01226,,0.00156,1.776e-05,0.0038,0.00204512
2015-09-13,0.01188,,0.00148,1.802e-05,0.0038,0.00199993
2015-09-14,0.01221,,0.00151,1.781e-05,0.00335,0.00207033
2015-09-15,0.01222,,0.0015,1.975e-05,0.00337,0.00203383
2015-09-16,0.01221,,0.00152,2.04e-05,0.00372,0.00219898
2015-09-17,0.01228,,0.0016,2.111e-05,0.00385,0.00234658
2015-09-18,0.01192,,0.00168,2.328e-05,0.00337,0.0020039
2015-09-19,0.01202,,0.00165,2.415e-05,0.0038,0.00218282
2015-09-20,0.01225,,0.00166,2.768e-05,0.00381,0.00213455
2015-09-21,0.01235,,0.0017,2.919e-05,0.00417,0.00193833
2015-09-22,0.01244,,0.00169,2.793e-05,0.00338,0.00200842
2015-09-23,0.01237,,0.00164,2.708e-05,0.00386,0.00188112
2015-09-24,0.01249,,0.00164,2.541e-05,0.0039,0.00189984
2015-09-25,0.01238,,0.00165,2.463e-05,0.00351,0.0019286
2015-09-26,0.01225,,0.00163,2.632e-05,0.00322,0.00189003
2015-09-27,0.01234,,0.00162,2.724e-05,0.00347,0.00186859
2015-09-28,0.01247,,0.0016,2.634e-05,0.00347,0.0018172
2015-09-29,0.01301,,0.00166,2.576e-05,0.0035,0.00181709
2015-09-30,0.01268,,0.00161,2.609e-05,0.00339,0.00171805
2015-10-01,0.0126,,0.00162,2.587e-05,0.00352,0.00171896
2015-10-02,0.01265,,0.00159,2.226e-05,0.00343,0.00173095
2015-10-03,0.01261,,0.00159,2.177e-05,0.00396,0.00171397
2015-10-04,0.01263,,0.00159,2.171e-05,0.00366,0.00170042
2015-10-05,0.01256,,0.00156,2.099e-05,0.00367,0.00160188
2015-10-06,0.0127,,0.00154,2.066e-05,0.00418,0.0018
2015-10-07,0.01268,,0.00159,2.06e-05,0.00319,0.00160286
2015-10-08,0.01262,,0.00156,2.094e-05,0.00355,0.00169144
2015-10-09,0.01272,,0.00155,2.125e-05,0.00355,0.0015636
2015-10-10,0.01275,,0.00155,2.28e-05,0.00319,0.00163721
2015-10-11,0.01267,,0.00154,2.326e-05,0.00319,0.00150019
2015-10-12,0.01283,,0.00154,2.428e-05,0.00376,0.00150004
2015-10-13,0.01274,,0.00153,1.986e-05,0.00377,0.00175
2015-10-14,0.0125,,0.00153,2.039e-05,0.00374,0.00137057
2015-10-15,0.01229,,0.0015,1.831e-05,0.00323,0.00144202
2015-10-16,0.0118,,0.00146,1.733e-05,0.00317,0.00136773
2015-10-17,0.0114,,0.0014,1.542e-05,0.00358,0.00138236
2015-10-18,0.01147,,0.0014,1.532e-05,0.00313,0.00144989
2015-10-19,0.01147,,0.0014,1.532e-05,0.00311,0.00151566
2015-10-20,0.01153,,0.00136,1.55e-05,0.00313,0.00130961
2015-10-21,0.01145,,0.00133,1.479e-05,0.00391,0.00143253
2015-10-22,0.01144,,0.00135,1.441e-05,0.00313,0.00123875
2015-10-23,0.01132,,0.00131,1.438e-05,0.00312,0.00143011
2015-10-24,0.01111,,0.00128,1.288e-05,0.00358,0.00128197
2015-10-25,0.01081,,0.00123,1.261e-05,0.0031,0.00141224
2015-10-26,0.01085,,0.00125,1.192e-05,0.00332,0.00133486
2015-10-27,0.01062,,0.00126,1.302e-05,0.0031,0.00125699
2015-10-28,0.01016,,0.00123,1.355e-05,0.0031,0.00135342
2015-10-29,0.01063,,0.0013,1.234e-05,0.00255,0.00116725
2015-10-30,0.01199,,0.00126,1.262e-05,0.0029,0.00139999
2015-10-31,0.01185,,0.00126,1.31e-05,0.00307,0.00142765
2015-11-01,0.01164,,0.00125,1.279e-05,0.00296,0.00130654
2015-11-02,0.01158,,0.00121,1.091e-05,0.00297,0.00116039
2015-11-03,0.01138,,0.00124,9.32e-06,0.00189,0.00114892
2015-11-04,0.01045,,0.00121,7.31e-06,0.00196,0.00102979
2015-11-05,0.00985,,0.00114,8.59e-06,0.00229,0.00114025
2015-11-06,0.00971,,0.00119,9.33e-06,0.00296,0.00119988
2015-11-07,0.00923,,0.00114,9.01e-06,0.00302,0.00101058
2015-11-08,0.00918,,0.00112,8.82e-06,0.00261,0.00130149
2015-11-09,0.00898,,0.00113,8.8e-06,0.00246,0.00122567
2015-11-10,0.00895,,0.00111,9.05e-06,0.00232,0.0012844
2015-11-11,0.00945,,0.00115,9.8e-06,0.00264,0.00142518
2015-11-12,0.0096,,0.00121,9.76e-06,0.00284,0.00129072
2015-11-13,0.00966,,0.00115,9.76e-06,0.00267,0.00133426
2015-11-14,0.00967,,0.00116,1.004e-05,0.00244,0.00136482
2015-11-15,0.00966,,0.00116,1.064e-05,0.00274,0.00133822
2015-11-16,0.00965,,0.00115,1.03e-05,0.00256,0.00133528
2015-11-17,0.00962,,0.0012,9.9e-06,0.00251,0.0013324
2015-11-18,0.00956,,0.00121,9.29e-06,0.00248,0.00115636
2015-11-19,0.00962,,0.00116,9.28e-06,0.00202,0.00122456
2015-11-20,0.0097,,0.00115,9.63e-06,0.00164,0.00121215
2015-11-21,0.00965,,0.00114,9.58e-06,0.00183,0.00120289
2015-11-22,0.00958,,0.00115,9.28e-06,0.00174,0.00126451
2015-11-23,0.00968,,0.00115,9.2e-06,0.0023,0.00113063
2015-11-24,0.00976,,0.00116,9.88e-06,0.00153,0.00112253
2015-11-25,0.00989,,0.0012,9.09e-06,0.00153,0.00113719
2015-11-26,0.01058,,0.00118,8.84e-06,0.00175,0.00115834
2015-11-27,0.01008,,0.00117,8.55e-06,0.00202,0.00114229
2015-11-28,0.00985,,0.00115,8.31e-06,0.00184,0.00103006
2015-11-29,0.00981,,0.00122,8.33e-06,0.00178,0.00110543
2015-11-30,0.00963,,0.00124,6.16e-06,0.00159,0.00103115
2015-12-01,0.00954,,0.00122,8.4e-06,0.00154,0.00103119
2015-12-02,0.00946,,0.00111,7.44e-06,0.0017,0.00112081
2015-12-03,0.00922,,0.00113,8.27e-06,0.00179,0.00102252
2015-12-04,0.00919,,0.00114,8.54e-06,0.00195,0.00099
2015-12-05,0.00913,,0.00113,8.8e-06,0.00205,0.0011057
2015-12-06,0.00881,,0.00109,8e-06,0.00178,0.00110236
2015-12-07,0.00905,,0.00108,6.95e-06,0.00162,0.00102365
2015-12-08,0.00901,,0.00108,7.99e-06,0.0016,0.00097153
2015-12-09,0.00879,,0.00103,7.52e-06,0.00151,0.00101449
2015-12-10,0.00876,,0.00103,7.37e-06,0.00179,0.00101522
2015-12-11,0.00857,,0.001,7.84e-06,0.00199,0.0009926
2015-12-12,0.00849,,0.001,7.06e-06,0.00169,0.0009895
2015-12-13,0.0082,,0.001,7.12e-06,0.00163,0.00103563
2015-12-14,0.00812,,0.001,7.01e-06,0.00163,0.00110096
2015-12-15,0.00814,,0.00097,6.35e-06,0.0015,0.00109828
2015-12-16,0.00811,,0.00095,6.26e-06,0.00085,0.00108345
2015-12-17,0.00818,,0.00095,6.76e-06,0.00149,0.00112537
2015-12-18,0.00814,,0.00094,6.6e-06,0.00114,0.00111704
2015-12-19,0.00804,,0.00095,6.54e-06,0.00097,0.00113196
2015-12-20,0.008,,0.00095,6.33e-06,0.002,0.00112881
2015-12-21,0.00787,,0.00094,6.19e-06,0.00175,0.00117231
2015-12-22,0.00778,,0.00092,6.1e-06,0.00173,0.00116716
2015-12-23,0.00792,,0.0009,6.04e-06,0.00174,0.00107633
2015-12-24,0.00789,,0.00094,5.34e-06,0.00198,0.00107231
2015-12-25,0.00783,,0.00093,5.92e-06,0.00151,0.00106502
2015-12-26,0.0082,,0.00098,6.26e-06,0.00166,0.00108346
2015-12-27,0.00821,,0.00097,6.28e-06,0.00163,0.00108999
2015-12-28,0.00818,,0.00097,6.84e-06,0.00195,0.00104621
2015-12-29,0.00819,,0.00094,6.29e-06,0.00166,0.00120811
2015-12-30,0.00811,,0.00094,6e-06,0.00137,0.00107301
2015-12-31,0.00813,,0.00098,5.96e-06,0.00168,0.00106394
2016-01-01,0.00806,,0.00095,5.78e-06,0.00143,0.00111541
2016-01-02,0.00807,,0.00096,5.97e-06,0.00139,0.00123668
2016-01-03,0.00811,,0.00096,6.13e-06,0.00137,0.0011809
2016-01-04,0.00807,,0.00096,6e-06,0.00132,0.00117568
2016-01-05,0.008,,0.00093,6.64e-06,0.0013,0.00118994
2016-01-06,0.00804,,0.00094,7.34e-06,0.00149,0.00120574
2016-01-07,0.00797,,0.00092,5.57e-06,0.00135,0.00112228
2016-01-08,0.00783,,0.00091,5.81e-06,0.00136,0.00106019
2016-01-09,0.0079,,0.00093,5.79e-06,0.00136,0.00108329
2016-01-10,0.00795,,0.00093,5.38e-06,0.00104,0.00111922
2016-01-11,0.00799,,0.00093,5.59e-06,0.00131,0.00111817
2016-01-12,0.00793,,0.00097,5.28e-06,0.00106,0.00106748
2016-01-13,0.00806,,0.00098,5.55e-06,0.00121,0.00111378
2016-01-14,0.00806,,0.00105,5.75e-06,0.00152,0.00113262
2016-01-15,0.00824,,0.00103,5.51e-06,0.00122,0.00113641
2016-01-16,0.00865,,0.00105,5.46e-06,0.00134,0.00116611
2016-01-17,0.00803,,0.001,5.02e-06,0.00138,0.00122677
2016-01-18,0.00802,,0.00106,5.03e-06,0.0015,0.00127327
2016-01-19,0.00796,,0.00103,5.07e-06,0.00152,0.00135259
2016-01-20,0.00792,,0.00103,5.09e-06,0.00154,0.00134775
2016-01-21,0.00789,,0.00092,4.96e-06,0.00117,0.00127457
2016-01-22,0.00796,,0.001,5.22e-06,0.00134,0.0013807
2016-01-23,0.008,,0.00101,5.2e-06,0.00134,0.00145226
2016-01-24,0.00794,,0.00101,4.95e-06,0.00121,0.00167764
2016-01-25,0.00793,,0.00101,4.97e-06,0.00154,0.00140682
2016-01-26,0.00797,,0.00105,5.43e-06,0.0015,0.00148614
2016-01-27,0.0082,,0.00104,6.85e-06,0.0015,0.00146373
2016-01-28,0.00831,,0.00121,7.41e-06,0.0013,0.00144687
2016-01-29,0.00816,0.007616,0.00118,7.53e-06,0.00163,0.00139944
2016-01-30,0.00814,0.008098,0.00121,8.05e-06,0.00125,0.0015035
2016-01-31,0.00816,0.006598,0.00113,6.62e-06,0.00122,0.00135026
2016-02-01,0.00817,0.005923,0.00113,6.09e-06,0.00117,0.00133269
2016-02-02,0.00821,0.006311,0.00111,6.09e-06,0.00146,0.00133505
2016-02-03,0.00824,0.006743,0.00114,6.09e-06,0.00152,0.00131772
2016-02-04,0.00825,0.006752,0.00112,6.84e-06,0.00154,0.00132012
2016-02-05,0.00808,0.006604,0.00109,6.54e-06,0.00161,0.00130603
2016-02-06,0.00817,0.006539,0.00106,6.69e-06,0.0015,0.00126422
2016-02-07,0.00815,0.007477,0.00106,6.68e-06,0.00159,0.00127639
2016-02-08,0.00811,0.008199,0.0011,6.69e-06,0.00151,0.00130296
2016-02-09,0.00809,0.00967,0.00107,6.54e-06,0.00128,0.00126359
2016-02-10,0.00811,0.011377,0.00111,6.67e-06,0.00114,0.0011229
2016-02-11,0.00803,0.014347,0.00106,7.67e-06,0.00146,0.00138941
2016-02-12,0.008,0.016085,0.00107,9.14e-06,0.00145,0.00151233
2016-02-13,0.00792,0.012003,0.00112,8.7e-06,0.00144,0.00182546
2016-02-14,0.0079,0.013032,0.0011,8.69e-06,0.00178,0.00188752
2016-02-15,0.00781,0.013874,0.00107,8.6e-06,0.00148,0.00167184
2016-02-16,0.00784,0.011668,0.00106,9.14e-06,0.00179,0.00197012
2016-02-17,0.00782,0.009603,0.00096,7.61e-06,0.00163,0.00152497
2016-02-18,0.00769,0.009184,0.001,7.08e-06,0.00146,0.00172041
2016-02-19,0.00765,0.010662,0.00106,6.75e-06,0.00141,0.00176051
2016-02-20,0.00787,0.010424,0.00109,5.77e-06,0.00132,0.00180918
2016-02-21,0.00791,0.01059,0.0011,5.91e-06,0.00148,0.00177986
2016-02-22,0.0079,0.011825,0.00112,5.86e-06,0.00138,0.00180284
2016-02-23,0.00795,0.013253,0.0011,6.05e-06,0.00141,0.00160217
2016-02-24,0.00796,0.014176,0.00107,6.31e-06,0.00143,0.00174753
2016-02-25,0.00792,0.015041,0.00113,6.3e-06,0.00143,0.00185223
2016-02-26,0.00782,0.015317,0.0011,7.43e-06,0.00138,0.00188086
2016-02-27,0.00782,0.014975,0.00108,5.59e-06,0.00131,0.00176517
2016-02-28,0.00788,0.015332,0.00106,6e-06,0.00127,0.00187988
2016-02-29,0.00772,0.01459,0.00105,6.45e-06,0.0013,0.00188078
2016-03-01,0.00778,0.016446,0.00107,5.71e-06,0.00128,0.00182709
2016-03-02,0.00783,0.019312,0.00103,5.1e-06,0.00137,0.00183637
2016-03-03,0.00788,0.023037,0.00115,5.4e-06,0.00117,0.00223701
2016-03-04,0.0079,0.023238,0.00109,5.54e-06,0.00142,0.0025092
2016-03-05,0.00789,0.029454,0.00109,6.45e-06,0.00129,0.00235783
2016-03-06,0.00793,0.027466,0.00112,6.08e-06,0.0014,0.00259324
2016-03-07,0.00786,0.024105,0.0011,6.24e-06,0.00142,0.00241941
2016-03-08,0.0078,0.023538,0.00116,6.09e-06,0.0014,0.00249161
2016-03-09,0.00785,0.025992,0.00119,6.54e-06,0.0015,0.00268323
2016-03-10,0.0078,0.027824,0.00126,8.63e-06,0.00163,0.0028259
2016-03-11,0.00797,0.026613,0.00119,1.039e-05,0.00163,0.00255066
2016-03-12,0.00801,0.031595,0.00118,1.088e-05,0.00195,0.00257812
2016-03-13,0.00793,0.03568,0.00122,1.184e-05,0.00211,0.00256681
2016-03-14,0.00795,0.033423,0.00126,1.061e-05,0.0016,0.0023776
2016-03-15,0.00795,0.030899,0.00122,8.74e-06,0.00239,0.00236198
2016-03-16,0.00785,0.032011,0.00121,9.34e-06,0.00182,0.00264015
2016-03-17,0.00782,0.028179,0.00119,9.31e-06,0.00355,0.00243645
2016-03-18,0.00774,0.023459,0.00109,8.88e-06,0.00471,0.00274023
2016-03-19,0.00779,0.025801,0.00112,8.06e-06,0.00288,0.00284203
2016-03-20,0.00773,0.024599,0.00103,7.71e-06,0.00283,0.00296803
2016-03-21,0.00767,0.026561,0.00105,7.85e-06,0.00212,0.00304259
2016-03-22,0.00761,0.028008,0.00117,8.87e-06,0.00254,0.00302035
2016-03-23,0.00768,0.028696,0.00105,9.34e-06,0.00393,0.00309122
2016-03-24,0.00778,0.027752,0.00107,9.89e-06,0.00359,0.00310082
2016-03-25,0.00771,0.025805,0.00109,9.17e-06,0.00352,0.00382583
2016-03-26,0.00773,0.025934,0.00101,9.23e-06,0.00289,0.00315958
2016-03-27,0.00769,0.025355,0.00109,1.027e-05,0.0037,0.00373599
2016-03-28,0.00771,0.026064,0.00102,9.95e-06,0.00298,0.00301839
2016-03-29,0.00774,0.027601,0.00114,9.66e-06,0.00335,0.00307786
2016-03-30,0.0078,0.028543,0.00106,1.005e-05,0.00372,0.0030785
2016-03-31,0.00785,0.027926,0.00114,9.78e-06,0.00303,0.00319715
2016-04-01,0.00785,0.027726,0.00103,9.73e-06,0.00282,0.00331607
2016-04-02,0.00783,0.027294,0.00109,9.55e-06,0.00273,0.0034939
2016-04-03,0.00775,0.027482,0.001,9.56e-06,0.00269,0.0034685
2016-04-04,0.00772,0.026872,0.0011,9.95e-06,0.00326,0.00350749
2016-04-05,0.00765,0.02587,0.00108,9.91e-06,0.00446,0.00352057
2016-04-06,0.00776,0.025525,0.00104,9.63e-06,0.00479,0.00357078
2016-04-07,0.00768,0.02451,0.001,9.68e-06,0.00449,0.0033626
2016-04-08,0.00764,0.023398,0.00106,9.56e-06,0.00516,0.00331
2016-04-09,0.00765,0.022406,0.00097,9.68e-06,0.00464,0.00311792
2016-04-10,0.00766,0.019912,0.00109,9.05e-06,0.00426,0.00247753
2016-04-11,0.00765,0.020404,0.00095,8.91e-06,0.00424,0.00240997
2016-04-12,0.00765,0.017385,0.00101,8.42e-06,0.00425,0.00213963
2016-04-13,0.00762,0.018714,0.00095,8e-06,0.00404,0.00224449
2016-04-14,0.00757,0.019579,0.00096,7.98e-06,0.00383,0.00212523
2016-04-15,0.00755,0.019224,0.00099,7.95e-06,0.0036,0.00252678
2016-04-16,0.00754,0.019138,0.00101,7.63e-06,0.00355,0.00264073
2016-04-17,0.00765,0.021215,0.00101,8.79e-06,0.00331,0.00221741
2016-04-18,0.00761,0.021032,0.00094,7.69e-06,0.00358,0.00278089
2016-04-19,,,,,,
2016-04-20,0.00746,0.019498,0.00093,7.5e-06,0.00361,0.00237689
2016-04-21,0.00743,0.018585,0.00092,7.22e-06,0.00334,0.00261526
2016-04-22,0.00745,0.018174,0.00092,7.8e-06,0.00308,0.00222171
2016-04-23,0.00746,0.017797,0.00095,7.85e-06,0.00329,0.00228973
2016-04-24,0.00771,0.018218,0.00068,7.7e-06,0.003,0.00206978
2016-04-25,0.00812,0.016702,0.00096,6.77e-06,0.003,0.00228689
2016-04-26,0.00847,0.015677,0.001,6.62e-06,0.00254,0.00212371
2016-04-27,0.00876,0.016567,0.001,6.7e-06,0.00245,0.00170568
2016-04-28,0.00851,0.016897,0.00098,6.5e-06,0.00248,0.00181831
2016-04-29,0.00844,0.016457,0.00094,6.44e-06,0.00261,0.00167917
2016-04-30,0.00829,0.019097,0.00096,6.41e-06,0.0031,0.00194187
2016-05-01,0.00811,0.019157,0.00099,6.53e-06,0.00267,0.00182074
2016-05-02,0.00832,0.020832,0.00095,6.42e-06,0.00296,0.00201765
2016-05-03,0.00819,0.021901,0.00093,6.14e-06,0.0024,0.00201894
2016-05-04,0.00848,0.021197,0.00094,7.2e-06,0.00281,0.00186068
2016-05-05,0.00836,0.02123,0.00095,6.65e-06,0.00261,0.0019093
2016-05-06,0.0083,0.021441,0.00094,6.76e-06,0.00291,0.00191873
2016-05-07,0.00848,0.0203,0.00094,6.84e-06,0.003,0.00186603
2016-05-08,0.00849,0.020443,0.00093,6.52e-06,0.00259,0.0018853
2016-05-09,0.00856,0.020451,0.00093,6.21e-06,0.00243,0.00180324
2016-05-10,0.00868,0.020258,0.00094,6.51e-06,0.00219,0.00179999
2016-05-11,0.00849,0.021293,0.00092,5.11e-06,0.00334,0.001675
2016-05-12,0.00855,0.022309,0.00091,6.25e-06,0.00313,0.00187324
2016-05-13,0.00856,0.023216,0.0009,6.09e-06,0.00326,0.0017578
2016-05-14,0.00875,0.02253,0.0009,5.88e-06,0.00302,0.00153876
2016-05-15,0.00871,0.022191,0.0009,6.23e-06,0.00301,0.00180534
2016-05-16,0.00884,0.02357,0.00092,5.7e-06,0.003,0.00151101
2016-05-17,0.00869,0.025837,0.00085,5.46e-06,0.003,0.0014787
2016-05-18,0.00865,0.028749,0.00087,4.74e-06,0.00232,0.00184684
2016-05-19,0.00873,0.031098,0.00083,4.9e-06,0.00212,0.00175331
2016-05-20,0.00861,0.032262,0.00082,4.65e-06,0.00356,0.0019214
2016-05-21,0.00878,0.030454,0.00082,5.15e-06,0.00368,0.0020711
2016-05-22,0.00905,0.0316,0.00077,5.04e-06,0.00364,0.00209156
2016-05-23,0.00897,0.031614,0.0008,4.78e-06,0.00313,0.0020126
2016-05-24,0.00893,0.028498,0.00078,4.92e-06,0.00325,0.00203929
2016-05-25,0.00895,0.027007,0.00079,5.93e-06,0.00337,0.00183571
2016-05-26,0.00886,0.027268,0.00076,5.94e-06,0.00331,0.00177516
2016-05-27,0.00917,0.024241,0.00074,5.55e-06,0.00274,0.00163216
2016-05-28,0.00897,0.022512,0.00073,5.27e-06,0.00282,0.00159937
2016-05-29,0.00863,0.022836,0.00068,4.45e-06,0.0025,0.00151834
2016-05-30,0.00848,0.023252,0.00072,4.37e-06,0.0027,0.00159635
2016-05-31,0.00867,0.024743,0.00066,3.9e-06,0.0029,0.00161469
2016-06-01,0.00871,0.025883,0.00079,4e-06,0.00273,0.00177919
2016-06-02,0.00871,0.025759,0.00054,3.69e-06,0.0028,0.00198914
2016-06-03,0.00847,0.024825,0.00067,3.74e-06,0.0028,0.00172349
2016-06-04,0.00836,0.024092,0.00055,4.17e-06,0.00273,0.00167353
2016-06-05,0.00838,0.023791,0.00063,4.36e-06,0.00294,0.00163349
2016-06-06,0.00841,0.023557,0.00065,4.09e-06,0.00292,0.00161676
2016-06-07,0.00847,0.024187,0.00064,4.1e-06,0.00295,0.0019289
2016-06-08,0.00825,0.024997,0.00063,4.1e-06,0.00303,0.00153728
2016-06-09,0.00815,0.024776,0.00064,4.1e-06,0.00372,0.0017728
2016-06-10,0.0082,0.024488,0.00063,4.35e-06,0.00397,0.00193117
2016-06-11,0.00836,0.023826,0.00063,4.3e-06,0.00352,0.00200502
2016-06-12,0.00821,0.023088,0.00055,3.93e-06,0.00321,0.00197314
2016-06-13,0.00771,0.024384,0.00052,3.96e-06,0.00295,0.00184115
2016-06-14,0.00763,0.02644,0.00054,3.55e-06,0.00293,0.00189885
2016-06-15,0.00765,0.027172,0.00055,4.12e-06,0.00307,0.00177806
2016-06-16,0.00728,0.026194,0.00052,3.64e-06,0.00282,0.0018088
2016-06-17,0.00743,0.022275,0.00046,3.42e-06,0.00276,0.00207323
2016-06-18,0.00736,0.017441,0.00058,2.67e-06,0.00251,0.00256105
2016-06-19,0.00733,0.016167,0.00061,3.72e-06,0.00244,0.00259473
2016-06-20,0.00726,0.015499,0.00058,3.42e-06,0.00251,0.0025598
2016-06-21,0.00725,0.017444,0.00062,3.79e-06,0.00247,0.0026108
2016-06-22,0.00672,0.021413,0.00051,3.74e-06,0.00242,0.00262721
2016-06-23,0.00642,0.022436,0.00059,4.11e-06,0.00249,0.0026939
2016-06-24,0.0064,0.020885,0.0005,3.94e-06,0.00247,0.00244306
2016-06-25,0.00634,0.021079,0.0006,3.61e-06,0.00243,0.00242364
2016-06-26,0.00647,0.021915,0.0006,3.8e-06,0.00251,0.00240867
2016-06-27,0.0065,0.021723,0.00061,3.8e-06,0.00286,0.0023425
2016-06-28,0.00623,0.019466,0.00062,3.87e-06,0.00389,0.00236938
2016-06-29,0.00634,0.019174,0.00063,4.06e-06,0.00475,0.00251019
2016-06-30,0.00635,0.019343,0.00065,3.75e-06,0.00515,0.00244341
2016-07-01,0.00629,0.017953,0.00063,3.55e-06,0.00404,0.00230526
2016-07-02,0.00649,0.017523,0.0006,3.68e-06,0.00374,0.00239879
2016-07-03,0.00655,0.017748,0.00048,3.63e-06,0.00339,0.00245997
2016-07-04,0.00649,0.017135,0.0006,3.59e-06,0.00395,0.00248466
2016-07-05,0.00663,0.015216,0.00045,3.26e-06,0.00377,0.00242793
2016-07-06,0.00661,0.015808,0.00059,3.11e-06,0.00386,0.00260021
2016-07-07,0.00649,0.015728,0.00059,3.13e-06,0.00387,0.00282115
2016-07-08,0.00636,0.016644,0.00066,3.3e-06,0.00394,0.00284393
2016-07-09,0.00635,0.017013,0.00063,3.26e-06,0.00404,0.0028927
2016-07-10,0.00635,0.016862,0.00058,3.21e-06,0.00418,0.00282515
2016-07-11,0.00636,0.016337,0.00058,3.17e-06,0.00438,0.00297414
2016-07-12,0.00629,0.015955,0.0006,3.3e-06,0.00442,0.00297701
2016-07-13,0.00637,0.015795,0.0006,3.91e-06,0.00484,0.00294785
2016-07-14,0.0063,0.017046,0.00062,3.51e-06,0.0051,0.00303818
2016-07-15,0.00632,0.018009,0.00061,3.89e-06,0.0063,0.00299145
2016-07-16,0.00622,0.017806,0.0006,3.81e-06,0.00609,0.00303695
2016-07-17,0.0062,0.016982,0.00069,3.65e-06,0.00558,0.00292091
2016-07-18,0.00619,0.016656,0.00076,3.43e-06,0.00557,0.00302637
2016-07-19,0.00623,0.017223,0.00064,3.4e-06,0.00599,0.00258865
2016-07-20,0.0062,0.018304,0.00065,3.56e-06,0.00547,0.00277049
2016-07-21,0.00621,0.018621,0.00067,3.59e-06,0.00485,0.00288317
2016-07-22,0.00622,0.020756,0.00065,3.32e-06,0.00479,0.00268259
2016-07-23,0.00619,0.022069,0.00062,4.83e-06,0.00533,0.00284155
2016-07-24,0.00616,0.020164,0.00065,3.82e-06,0.00464,0.00271
2016-07-25,0.00613,0.020254,0.00063,3.72e-06,0.00452,0.00279487
2016-07-26,0.0061,0.019701,0.00061,3.82e-06,0.00427,0.00273169
2016-07-27,0.00607,0.019024,0.00059,3.71e-06,0.00409,0.00233648
2016-07-28,0.00605,0.019368,0.00059,3.63e-06,0.00406,0.00267985
2016-07-29,0.00615,0.019277,0.00059,3.65e-06,0.00387,0.00267663
2016-07-30,0.0062,0.019273,0.00057,3.71e-06,0.00372,0.00269766
2016-07-31,0.00626,0.018984,0.00059,3.44e-06,0.00381,0.00288927
2016-08-01,0.00632,0.018605,0.00059,3.64e-06,0.00383,0.0029214
2016-08-02,0.00636,0.016528,0.00059,3.64e-06,0.00396,0.00297318
2016-08-03,0.00665,0.017146,0.00062,3.98e-06,0.00381,0.00300188
2016-08-04,0.00657,0.018444,0.00059,4.5e-06,0.00401,0.00288571
2016-08-05,0.00642,0.01896,0.00059,3.78e-06,0.00401,0.00283061
2016-08-06,0.00644,0.018456,0.00062,3.92e-06,0.00427,0.00302578
2016-08-07,0.00635,0.018379,0.00062,3.9e-06,0.00435,0.00315888
2016-08-08,0.00636,0.018606,0.00062,3.79e-06,0.00426,0.00326481
2016-08-09,0.00638,0.020201,0.00064,4.93e-06,0.00428,0.00329036
2016-08-10,0.00641,0.020725,0.0006,3.97e-06,0.00445,0.00342071
2016-08-11,0.00633,0.019883,0.0006,4.04e-06,0.00432,0.00340294
2016-08-12,0.00637,0.020235,0.0006,3.8e-06,0.00472,0.00330631
2016-08-13,0.00631,0.01994,0.0006,4.2e-06,0.00528,0.00331675
2016-08-14,0.00635,0.019988,0.00059,4.03e-06,0.00488,0.00354868
2016-08-15,0.0064,0.0195,0.00061,4.03e-06,0.005,0.00367323
2016-08-16,0.00626,0.019505,0.00061,3.95e-06,0.00508,0.00360601
2016-08-17,0.00627,0.019099,0.00059,4.7e-06,0.00496,0.00392521
2016-08-18,0.00626,0.019065,0.00059,4.82e-06,0.0051,0.00392203
2016-08-19,0.00622,0.018696,0.00064,4.17e-06,0.00489,0.00375549
2016-08-20,0.00621,0.019197,0.0006,4.76e-06,0.00489,0.00407505
2016-08-21,0.00621,0.019023,0.00059,4.66e-06,0.00477,0.0042082
2016-08-22,0.00627,0.019226,0.00059,4.67e-06,0.00504,0.0052524
2016-08-23,0.0066,0.018849,0.00061,4.8e-06,0.00467,0.00910876
2016-08-24,0.00681,0.019142,0.00053,4e-06,0.00478,0.00802027
2016-08-25,0.0066,0.019386,0.0006,3.92e-06,0.00493,0.00764539
2016-08-26,0.00658,0.01961,0.00063,3.8e-06,0.00517,0.00733728
2016-08-27,0.00653,0.019511,0.00061,3.84e-06,0.00508,0.00755757
2016-08-28,0.00662,0.019296,0.00061,3.89e-06,0.00498,0.01244899
2016-08-29,0.00638,0.019066,0.00066,3.83e-06,0.00539,0.01822901
2016-08-30,0.00657,0.01926,0.00064,4.14e-06,0.00602,0.01425942
2016-08-31,0.00657,0.019515,0.00064,4.85e-06,0.00612,0.01417825
2016-09-01,0.00681,0.021301,0.00063,4.9e-06,0.00602,0.0144586
2016-09-02,0.00665,0.021007,0.0006,4.3e-06,0.00611,0.01436245
2016-09-03,0.00657,0.020206,0.00059,4.94e-06,0.00602,0.02080837
2016-09-04,0.00653,0.019155,0.00057,5.5e-06,0.00581,0.02193273
2016-09-05,0.00652,0.019334,0.0006,5.07e-06,0.00595,0.02192148
2016-09-06,0.00647,0.018983,0.00056,4.54e-06,0.0055,0.02177746
2016-09-07,0.00645,0.019046,0.00055,4.61e-06,0.00354,0.02011359
2016-09-08,0.00643,0.018338,0.00056,4.54e-06,0.00482,0.01917856
2016-09-09,0.00639,0.0185,0.00054,4.63e-06,0.00511,0.02002901
2016-09-10,0.00637,0.018971,0.00054,4.3e-06,0.00515,0.01958431
2016-09-11,0.00636,0.019284,0.00055,4.44e-06,0.00523,0.0188386
2016-09-12,0.00629,0.019487,0.00052,4.41e-06,0.00556,0.01676517
2016-09-13,0.0063,0.019732,0.00052,4.35e-06,0.00618,0.01615846
2016-09-14,0.00629,0.01959,0.00051,4.45e-06,0.00683,0.01650755
2016-09-15,0.00628,0.019685,0.00051,4.3e-06,0.00762,0.01648896
2016-09-16,0.00626,0.020356,0.00054,4.47e-06,0.00694,0.01540054
2016-09-17,0.00627,0.020819,0.00051,4.88e-06,0.00819,0.01508104
2016-09-18,0.00628,0.020649,0.00052,5.06e-06,0.00787,0.01433011
2016-09-19,0.00628,0.020987,0.00053,5.08e-06,0.00771,0.01525392
2016-09-20,0.00628,0.022,0.00053,4.74e-06,0.00717,0.01684184
2016-09-21,0.00631,0.023687,0.00054,4.77e-06,0.00753,0.01757472
2016-09-22,0.00631,0.021786,0.00054,4.98e-06,0.00892,0.01687147
2016-09-23,0.00633,0.022079,0.00052,4.79e-06,0.0082,0.01670293
2016-09-24,0.00632,0.022227,0.00054,4.8e-06,0.00783,0.01728876
2016-09-25,0.00632,0.021513,0.00051,5.1e-06,0.00777,0.01690086
2016-09-26,0.00633,0.0213,0.00051,5.15e-06,0.00851,0.01591396
2016-09-27,0.00636,0.02154,0.00051,6.23e-06,0.00822,0.01535204
2016-09-28,0.00638,0.022077,0.00045,8.02e-06,0.00735,0.0160417
2016-09-29,0.00638,0.021757,0.00049,7.83e-06,0.00729,0.01498651
2016-09-30,0.0063,0.021685,0.00051,7.78e-06,0.00709,0.01334264
2016-10-01,0.00626,0.021529,0.00051,7.73e-06,0.00654,0.01209269
2016-10-02,0.00627,0.021527,0.0005,8.21e-06,0.00566,0.01099334
2016-10-03,0.00624,0.021753,0.00049,8.03e-06,0.00617,0.01205307
2016-10-04,0.00623,0.021952,0.00049,8.34e-06,0.00618,0.01268723
2016-10-05,0.00624,0.021725,0.00048,7.93e-06,0.00648,0.01107213
2016-10-06,0.00626,0.021055,0.00048,7.92e-06,0.00718,0.01023348
2016-10-07,0.00624,0.020593,0.00048,8.08e-06,0.00701,0.01148435
2016-10-08,0.00619,0.020007,0.00049,8e-06,0.00631,0.01121197
2016-10-09,0.00619,0.019799,0.00049,8.09e-06,0.00667,0.01133113
2016-10-10,0.00617,0.019026,0.00047,6.98e-06,0.007,0.01124357
2016-10-11,0.0061,0.019032,0.00046,8.1e-06,0.00671,0.01105969
2016-10-12,0.00599,0.018641,0.00044,7.2e-06,0.00708,0.01109297
2016-10-13,0.0061,0.018789,0.00044,7.4e-06,0.00717,0.01072107
2016-10-14,0.00611,0.018864,0.00045,6.96e-06,0.00715,0.01068645
2016-10-15,0.00611,0.018675,0.00045,7e-06,0.00718,0.01035756
2016-10-16,0.00608,0.018646,0.00044,8e-06,0.00694,0.00932178
2016-10-17,0.00607,0.018685,0.00045,7.15e-06,0.0066,0.00856518
2016-10-18,0.00596,0.019167,0.00044,7.15e-06,0.00646,0.00860132
2016-10-19,0.006,0.019352,0.00044,6.99e-06,0.00629,0.0104498
2016-10-20,0.00603,0.019214,0.00045,7.24e-06,0.0065,0.01008615
2016-10-21,0.00603,0.019099,0.00043,7.12e-06,0.006,0.01042195
2016-10-22,0.00597,0.018754,0.00044,7.44e-06,0.00557,0.01006064
2016-10-23,0.00594,0.018329,0.00043,6.7e-06,0.00595,0.00971472
2016-10-24,0.00597,0.018351,0.00042,7e-06,0.00612,0.00984268
2016-10-25,0.00595,0.01752,0.00044,6.44e-06,0.00591,0.00949996
2016-10-26,0.0059,0.01728,0.00043,6.5e-06,0.00553,0.00842648
2016-10-27,0.00585,0.016651,0.0004,6.39e-06,0.00536,0.00888249
2016-10-28,0.00581,0.016277,0.00039,6.5e-06,0.00527,0.00842149
2016-10-29,0.00572,0.014284,0.00037,5.47e-06,0.00471,0.00662175
2016-10-30,0.00576,0.015567,0.00041,5.99e-06,0.00504,0.00784804
2016-10-31,0.00572,0.015976,0.00037,6.8e-06,0.00489,0.00737925
2016-11-01,0.00557,0.00957,0.00035,5.91e-06,0.00477,0.00714567
2016-11-02,0.00568,0.015015,0.00035,5.9e-06,0.00468,0.00613995
2016-11-03,0.00558,0.014834,0.00035,5.95e-06,0.00435,0.00630137
2016-11-04,0.00559,0.015874,0.00036,5.14e-06,0.00432,0.0070728
2016-11-05,0.00556,0.015559,0.00033,5.85e-06,0.00463,0.00608808
2016-11-06,0.00555,0.015366,0.00033,6.7e-06,0.0043,0.00641257
2016-11-07,,,,,,
2016-11-08,0.00555,0.01532,0.00033,6.2e-06,0.0039,0.00679424
2016-11-09,0.00547,0.015406,0.00036,5.97e-06,0.004,0.00820913
2016-11-10,0.00533,0.014729,0.00031,5.92e-06,0.0038,0.0078551
2016-11-11,0.00538,0.014396,0.00032,5.9e-06,0.00373,0.00795937
2016-11-12,0.00531,0.014504,0.00031,5.9e-06,0.0037,0.00885964
2016-11-13,0.00537,0.014056,0.00032,6.06e-06,0.00434,0.00999151
2016-11-14,0.00541,0.014167,0.00039,6.3e-06,0.00441,0.01051139
2016-11-15,0.00547,0.014016,0.00039,6.04e-06,0.00374,0.01081701
2016-11-16,0.00547,0.013854,0.00038,5.83e-06,0.00339,0.01057343
2016-11-17,0.00543,0.013684,0.00036,5.64e-06,0.00331,0.00924142
2016-11-18,0.00522,0.013179,0.00034,5.38e-06,0.00323,0.00821283
2016-11-19,0.00541,0.012983,0.00035,5.35e-06,0.00348,0.00896954
2016-11-20,0.00542,0.012754,0.00032,5.4e-06,0.00355,0.00885427
2016-11-21,0.00534,0.012958,0.00034,5.44e-06,0.00306,0.00820999
2016-11-22,0.0053,0.012943,0.00031,5.21e-06,0.00422,0.00979988
2016-11-23,0.00527,0.013266,0.00032,5.3e-06,0.00425,0.00987921
2016-11-24,0.00527,0.012977,0.00035,5.4e-06,0.004,0.01060096
2016-11-25,0.00527,0.012794,0.00035,5.36e-06,0.00395,0.01082911
2016-11-26,0.00524,0.01259,0.00033,5.4e-06,0.0033,0.01019198
2016-11-27,0.00528,0.012815,0.00036,5.4e-06,0.0033,0.01044177
2016-11-28,0.00511,0.012072,0.00034,5.39e-06,0.003,0.01049542
2016-11-29,0.00528,0.011241,0.00034,5.1e-06,0.00408,0.01018087
2016-11-30,0.00526,0.011096,0.00032,5.05e-06,0.00425,0.01024858
2016-12-01,0.00526,0.011482,0.00032,4.9e-06,0.00329,0.01074211
2016-12-02,0.00515,0.011345,0.00032,4.9e-06,0.0028,0.01113526
2016-12-03,0.00507,0.01041,0.0003,4.72e-06,0.00272,0.01059295
2016-12-04,0.00511,0.009807,0.00028,4.95e-06,0.00266,0.01035116
2016-12-05,0.00513,0.009806,0.00032,4.85e-06,0.00257,0.01002548
2016-12-06,0.00465,0.009635,0.00033,4.7e-06,0.0026,0.0095667
2016-12-07,0.00464,0.008873,0.00031,5.2e-06,0.0025,0.00968147
2016-12-08,0.00468,0.009955,0.0003,5.2e-06,0.00261,0.00934193
2016-12-09,0.0048,0.011001,0.00031,5.12e-06,0.00263,0.01001371
2016-12-10,0.0048,0.010941,0.00031,4.93e-06,0.00262,0.00953772
2016-12-11,0.00475,0.010586,0.00031,5.13e-06,0.00262,0.00977755
2016-12-12,0.00402,0.010646,0.00031,4.82e-06,0.00262,0.01026059
2016-12-13,0.00473,0.010766,0.00031,4.94e-06,0.00262,0.00979771
2016-12-14,0.00473,0.010765,0.0003,4.9e-06,0.00259,0.00985743
2016-12-15,0.00465,0.009769,0.0003,4.78e-06,0.00265,0.01006582
2016-12-16,0.00465,0.010215,0.0003,4.76e-06,0.00271,0.01032984
2016-12-17,0.00469,0.010041,0.0003,4.86e-06,0.0027,0.01016553
2016-12-18,0.00463,0.009514,0.00031,4.3e-06,0.00254,0.01039795
2016-12-19,0.00468,0.009828,0.0003,4.3e-06,0.00276,0.01057572
2016-12-20,0.00462,0.009727,0.00028,4.53e-06,0.00275,0.01028917
2016-12-21,0.0046,0.009506,0.00025,4.64e-06,0.0028,0.01039038
2016-12-22,0.00445,0.009426,0.00025,4.62e-06,0.00233,0.01009178
2016-12-23,0.0043,0.008816,0.00024,4.8e-06,0.00232,0.01020252
2016-12-24,0.00469,0.007939,0.00026,4.7e-06,0.00246,0.00932083
2016-12-25,0.00498,0.008134,0.00027,4.6e-06,0.00213,0.01013874
2016-12-26,0.00482,0.00829,0.00026,4.84e-06,0.00236,0.01016468
2016-12-27,0.00471,0.007999,0.00025,4.65e-06,0.00247,0.01020983
2016-12-28,0.00468,0.007812,0.00027,4.41e-06,0.00211,0.01173332
2016-12-29,0.00466,0.007377,0.00025,4.02e-06,0.00184,0.0138322
2016-12-30,0.00465,0.00806,0.00023,4.3e-06,0.00195,0.01303392
2016-12-31,0.00463,0.008749,0.00023,3.6e-06,0.00223,0.01308286
2017-01-01,0.0045,0.008394,0.00025,3.75e-06,0.00217,0.01358848
2017-01-02,0.0045,0.008505,0.00025,2.9e-06,0.00217,0.01388944
2017-01-03,0.0045,0.008147,0.00022,3.36e-06,0.00186,0.01369758
2017-01-04,0.00448,0.009218,0.00025,3.9e-06,0.00193,0.01558502
2017-01-05,0.00421,0.009589,0.00024,3e-06,0.00201,0.01558085
2017-01-06,0.0044,0.00964,0.00025,3.6e-06,0.00183,0.01674552
2017-01-07,0.00441,0.010687,0.00027,3.8e-06,0.00216,0.01648361
2017-01-08,0.00441,0.010947,0.00026,3.9e-06,0.00223,0.01507557
2017-01-09,0.00434,0.011138,0.00028,4e-06,0.00215,0.01481024
2017-01-10,0.00463,0.011384,0.00028,4e-06,0.00188,0.01458368
2017-01-11,0.00501,0.011434,0.00025,4e-06,0.00225,0.01434609
2017-01-12,0.00497,0.011744,0.0003,4.58e-06,0.00196,0.01469798
2017-01-13,0.005,0.012542,0.00031,4.98e-06,0.00206,0.01497333
2017-01-14,0.00486,0.011742,0.0003,5.3e-06,0.00205,0.01439918
2017-01-15,0.00474,0.011287,0.00032,4.85e-06,0.00214,0.01301662
2017-01-16,0.00477,0.011714,0.00032,4.05e-06,0.00201,0.01257773
2017-01-17,0.00472,0.011881,0.00031,5.2e-06,0.00214,0.01260899
2017-01-18,0.00449,0.011538,0.00034,5.16e-06,0.00207,0.01257974
2017-01-19,0.00437,0.011419,0.00033,4.1e-06,0.00198,0.0131795
2017-01-20,0.00435,0.011401,0.0003,4.55e-06,0.00202,0.01309746
2017-01-21,0.00432,0.011705,0.00032,4.55e-06,0.00201,0.01300012
2017-01-22,0.00426,0.011777,0.00028,3.61e-06,0.00206,0.01287572
2017-01-23,0.0042,0.011603,0.00028,3.91e-06,0.00195,0.01241148
2017-01-24,0.00418,0.0116,0.00028,3.62e-06,0.00195,0.01281496
2017-01-25,0.00418,0.011583,0.00027,4.01e-06,0.00199,0.01296432
2017-01-26,0.00416,0.011538,0.00029,4e-06,0.00209,0.01250978
2017-01-27,0.00417,0.011499,0.0003,3.62e-06,0.00201,0.01283431
2017-01-28,0.00416,0.01132,0.0003,4.5e-06,0.00219,0.01250991
2017-01-29,0.00418,0.01131,0.00028,3.7e-06,0.0024,0.01370109
2017-01-30,0.00417,0.011309,0.0003,4.45e-06,0.00283,0.01404308
2017-01-31,0.0043,0.01149,0.00031,4.5e-06,0.00294,0.01372787
2017-02-01,0.00432,0.011146,0.00029,5.12e-06,0.00303,0.01351249
2017-02-02,0.00415,0.010695,0.00032,4.2e-06,0.00282,0.01357977
2017-02-03,0.00406,0.010665,0.00032,4.3e-06,0.00295,0.01380928
2017-02-04,0.00396,0.010641,0.00029,3.93e-06,0.00237,0.01223817
2017-02-05,0.00392,0.010736,0.00028,4.53e-06,0.00295,0.01194733
2017-02-06,0.00386,0.010122,0.00026,3.56e-06,0.00273,0.01191792
2017-02-07,0.00388,0.010179,0.00028,4.05e-06,0.00273,0.01203802
2017-02-08,0.00384,0.010862,0.00027,4.32e-06,0.00285,0.01199059
2017-02-09,0.0038,0.010689,0.0003,4.7e-06,0.00277,0.01101746
2017-02-10,0.00386,0.010728,0.00029,3.78e-06,0.0027,0.01169166
2017-02-11,0.00386,0.011556,0.0003,3.9e-06,0.00271,0.0122034
2017-02-12,0.00379,0.011732,0.00029,4.05e-06,0.00282,0.01199712
2017-02-13,0.00379,0.011269,0.00029,3.7e-06,0.00313,0.01228323
2017-02-14,0.00373,0.01159,0.0003,4.3e-06,0.00312,0.01229374
2017-02-15,0.00373,0.012172,0.00027,4e-06,0.00386,0.01289945
2017-02-16,0.00379,0.012895,0.0003,3.95e-06,0.00382,0.01333887
2017-02-17,0.00377,0.012861,0.00029,4.3e-06,0.00371,0.01293955
2017-02-18,0.00371,0.012865,0.00031,3.33e-06,0.00368,0.01291543
2017-02-19,0.0036,0.012605,0.00029,4.3e-06,0.00377,0.01311297
2017-02-20,0.00351,0.012321,0.00031,3.77e-06,0.00361,0.01307186
2017-02-21,0.0035,0.013852,0.0003,3.8e-06,0.00354,0.01236801
2017-02-22,0.00337,0.012098,0.00028,3.4e-06,0.00333,0.01119676
2017-02-23,0.00331,0.01303,0.00032,3.31e-06,0.00305,0.01108537
2017-02-24,0.00331,0.011681,0.00033,3.35e-06,0.00347,0.01131511
2017-02-25,0.00327,0.01108,0.00032,3.62e-06,0.00282,0.01129317
2017-02-26,0.00323,0.011519,0.00034,3.67e-06,0.00353,0.01083169
2017-02-27,0.00327,0.012554,0.00029,3.36e-06,0.004,0.01016508
2017-02-28,0.00323,0.013774,0.00031,3.11e-06,0.00399,0.01091059
2017-03-01,0.00322,0.013736,0.00032,2.98e-06,0.00369,0.00627842
2017-03-02,0.0032,0.01526,0.0003,2.5e-06,0.0037,0.01100556
2017-03-03,0.00313,0.013882,0.00033,2.68e-06,0.00281,0.00863055
2017-03-04,0.00318,0.015957,0.0003,2.31e-06,0.00267,0.01139384
2017-03-05,0.00318,0.014748,0.00029,2.04e-06,0.00236,0.00823632
2017-03-06,0.00316,0.014511,0.00034,2.79e-06,0.00283,0.01105654
2017-03-07,0.00315,0.015596,0.00032,3.02e-06,0.0025,0.01214974
2017-03-08,0.00322,0.015644,0.00039,3.15e-06,0.00223,0.01172058
2017-03-09,0.00322,0.015106,0.00034,3.15e-06,0.0023,0.012
2017-03-10,0.00342,0.01541,0.00038,2.98e-06,0.00252,0.01121905
2017-03-11,0.00333,0.015997,0.00037,3e-06,0.00232,0.01165252
2017-03-12,0.00332,0.017881,0.00034,2.42e-06,0.00381,0.01180201
2017-03-13,0.00331,0.022674,0.00044,3.2e-06,0.00398,0.0144037
2017-03-14,0.00346,0.023029,0.00049,2.81e-06,0.00292,0.01416338
2017-03-15,0.00342,0.023711,0.00054,3.4e-06,0.003,0.01510457
2017-03-16,0.00356,0.03425,0.00062,3.25e-06,0.00312,0.01818337
2017-03-17,0.0037,0.039462,0.00062,3.64e-06,0.00348,0.01908497
2017-03-18,0.0039,0.037896,0.0007,4.74e-06,0.00381,0.02045819
2017-03-19,0.00409,0.038891,0.00054,4.22e-06,0.00311,0.02315392
2017-03-20,,,,,,
2017-03-21,0.0038,0.04079,0.00065,5.11e-06,0.00352,0.02140163
2017-03-22,0.00376,0.040423,0.00056,5.24e-06,0.00341,0.02002921
2017-03-23,0.00394,0.041921,0.00058,5.11e-06,0.00379,0.0212074
2017-03-24,0.0042,0.049562,0.00063,5.44e-06,0.0038,0.02188102
2017-03-25,0.00447,0.057504,0.00065,5.3e-06,0.00306,0.0220686
2017-03-26,0.00424,0.052907,0.00065,5.12e-06,0.00305,0.02190483
2017-03-27,0.00418,0.05656,0.00055,4.98e-06,0.00305,0.02077513
2017-03-28,0.00422,0.05009,0.00059,5.34e-06,0.0038,0.01871396
2017-03-29,0.00419,0.053208,0.00066,5.97e-06,0.00349,0.01897962
2017-03-30,0.00646,0.053146,0.00064,5.82e-06,0.00311,0.01968785
2017-03-31,0.00633,0.047079,0.00059,6.52e-06,0.00325,0.01875627
2017-04-01,0.00666,0.048963,0.00063,6.06e-06,0.00344,0.01871746
2017-04-02,0.00694,0.047965,0.00064,7.6e-06,0.00328,0.01891475
2017-04-03,0.00776,0.046116,0.00072,9.3e-06,0.00392,0.01810059
2017-04-04,0.00777,0.042067,0.00065,8.05e-06,0.00385,0.01756846
2017-04-05,0.00892,0.043184,0.00062,8.12e-06,0.00377,0.01804475
2017-04-06,0.01004,0.038977,0.00072,9.1e-06,0.00381,0.01720353
2017-04-07,0.00888,0.037622,0.00068,8.18e-06,0.00315,0.01662958
2017-04-08,0.00917,0.03979,0.00073,7.2e-06,0.00322,0.01756251
2017-04-09,0.00857,0.039209,0.00066,7.05e-06,0.00324,0.01724554
2017-04-10,0.0081,0.036592,0.00078,7.28e-06,0.0032,0.0179536
2017-04-11,0.00832,0.03894,0.00081,6.81e-06,0.00375,0.01841771
2017-04-12,0.00964,0.039847,0.00077,7.3e-06,0.0033,0.01854393
2017-04-13,0.00991,0.045291,0.00076,7.61e-06,0.00356,0.01847518
2017-04-14,0.01001,0.044455,0.00078,7.94e-06,0.00349,0.01892323
2017-04-15,0.01037,0.042934,0.00078,9.38e-06,0.00379,0.01999437
2017-04-16,0.011,0.065862,0.00088,1.115e-05,0.00405,0.02948709
2017-04-17,0.01246,0.117659,0.0008,1.083e-05,0.00406,0.02159992
2017-04-18,0.01087,0.046401,0.00082,1.036e-05,0.00396,0.01969517
2017-04-19,0.01035,0.04769,0.00077,1.09e-05,0.00431,0.01911842
2017-04-20,0.01008,0.04567,0.00076,1.169e-05,0.004,0.01873403
2017-04-21,0.01096,0.04587,0.00074,1.232e-05,0.00404,0.01849531
2017-04-22,0.01132,0.046158,0.00074,1.132e-05,0.00393,0.01816698
